Method,Conditioning,m,NLML,logdetK,quad,relErr_alpha,relErr_logdet,relErr_quad,RMSE,Rep,Seed,ExactRMSE
nlml_vecchia_fullMF,MinMax,10,430.286355235787,89.7777918157299,256.189340061227,0.488592986081403,2.75100854143117,0.0850380543148393,NaN,1,12345,0.980813721696811
nlml_vecchia_fullMF,MinMax,20,424.744489746175,64.9554369631583,269.927963934576,0.382159579081514,1.71390500850469,0.0359715395754228,NaN,1,12345,0.980813721696811
nlml_vecchia_fullMF,MinMax,30,416.290800378875,42.7509488876111,275.225073275523,0.290695502680944,0.78617864383272,0.0170532915798534,NaN,1,12345,0.980813721696811
nlml_vecchia_fullMF,MinMax,40,415.474442286373,37.1341079094416,279.209198068689,0.223159942679247,0.551501246907893,0.00282427419865936,NaN,1,12345,0.980813721696811
nlml_vecchia_fullMF,MinMax,60,411.693342565056,30.3940642993942,278.387042236101,0.188524779638355,0.269895288022229,0.00576054508354878,NaN,1,12345,0.980813721696811
nlml_vecchia_fullMF,Corr,10,418.82125107485,54.0562167550231,268.98070680006,0.359940269516305,1.25852437072327,0.0393546008325933,NaN,1,12345,0.980813721696811
nlml_vecchia_fullMF,Corr,20,412.571230874669,34.9806622838267,275.556220870894,0.222850745310672,0.461528072341869,0.0158706215745454,NaN,1,12345,0.980813721696811
nlml_vecchia_fullMF,Corr,30,411.150741533955,29.7048829690648,277.991021504228,0.163108045837351,0.241100582735127,0.00717490486635394,NaN,1,12345,0.980813721696811
nlml_vecchia_fullMF,Corr,40,410.916290110163,27.294759640776,279.932241984934,0.126122056340838,0.140403149578502,0.000241974450100192,NaN,1,12345,0.980813721696811
nlml_vecchia_fullMF,Corr,60,412.404512583433,25.2773111826544,284.926135389594,0.0869072519487307,0.0561120766387344,0.0175933594673076,NaN,1,12345,0.980813721696811
nlml_vecchia_fullMF,MinMax,10,425.861267601996,63.2815979418041,273.83535866757,0.336170443176712,0.871961486466175,0.0220163850074041,NaN,2,12346,1.19495286580887
nlml_vecchia_fullMF,MinMax,20,426.38532077916,52.763670386909,285.401392576794,0.273736761152536,0.560825928253632,0.0192908870290083,NaN,2,12346,1.19495286580887
nlml_vecchia_fullMF,MinMax,30,415.989716543566,43.5183690024994,273.855485490015,0.198462954651141,0.287336498699354,0.0219445034846208,NaN,2,12346,1.19495286580887
nlml_vecchia_fullMF,MinMax,40,417.644728599101,40.5188587729219,280.165019830663,0.155012996409062,0.198606633925805,0.000589552137019239,NaN,2,12346,1.19495286580887
nlml_vecchia_fullMF,MinMax,60,414.767711936654,36.169023862143,278.760821416547,0.107129515001685,0.0699322058092391,0.00442544317945839,NaN,2,12346,1.19495286580887
nlml_vecchia_fullMF,Corr,10,422.14292516114,51.5555165801625,278.1247551475,0.293495057816037,0.525086985661872,0.00669710887012955,NaN,2,12346,1.19495286580887
nlml_vecchia_fullMF,Corr,20,415.674045596099,40.256494461426,276.486018136155,0.196502348711365,0.190845516910472,0.012549742197599,NaN,2,12346,1.19495286580887
nlml_vecchia_fullMF,Corr,30,414.78579614682,36.8333973780941,278.132616320929,0.146577873548249,0.0895853383934108,0.00666903324525262,NaN,2,12346,1.19495286580887
nlml_vecchia_fullMF,Corr,40,415.080004906024,35.3571364716682,280.197294745763,0.108737909097039,0.0459153987792709,0.000704819713478725,NaN,2,12346,1.19495286580887
nlml_vecchia_fullMF,Corr,60,414.963131879594,34.3178735752999,281.002811589271,0.0577592067238341,0.0151724943712014,0.00358166614552844,NaN,2,12346,1.19495286580887
nlml_vecchia_fullMF,MinMax,10,406.831220482114,27.1224349259135,271.934427443698,0.367567492232137,6.80308532415004,0.0288055196568011,NaN,4,12348,1.05374447639028
nlml_vecchia_fullMF,MinMax,20,400.647924727503,15.321664484425,271.368606375964,0.270840692945138,4.2782059042261,0.0308263093854524,NaN,4,12348,1.05374447639028
nlml_vecchia_fullMF,MinMax,30,398.432933556828,5.52304331386415,276.737245205175,0.19873975690369,2.18170406480386,0.0116525973737032,NaN,4,12348,1.05374447639028
nlml_vecchia_fullMF,MinMax,40,397.072089239452,2.5974826808847,276.941117203402,0.168027259626277,1.55575443968618,0.0109244830218865,NaN,4,12348,1.05374447639028
nlml_vecchia_fullMF,MinMax,60,397.609664598253,-1.6223219012046,282.236072503094,0.123416409332798,0.652889851458993,0.00798607350111724,NaN,4,12348,1.05374447639028
nlml_vecchia_fullMF,Corr,10,401.202330735743,12.0410638670198,275.758019009849,0.308656470402647,3.57629232790952,0.0151498341334896,NaN,4,12348,1.05374447639028
nlml_vecchia_fullMF,Corr,20,396.261276768201,1.32262490494747,276.594350036838,0.178067013768905,1.28298732013632,0.012162937311389,NaN,4,12348,1.05374447639028
nlml_vecchia_fullMF,Corr,30,393.641358622508,-1.98973577378183,274.66687442418,0.12822436881141,0.574278397226875,0.0190467794699804,NaN,4,12348,1.05374447639028
nlml_vecchia_fullMF,Corr,40,394.798210509291,-3.3221161333056,278.312958557271,0.0935407913893009,0.289203811126537,0.00602504912780878,NaN,4,12348,1.05374447639028
nlml_vecchia_fullMF,Corr,60,395.898137537855,-4.13703392294565,281.327730404039,0.0572388992925574,0.114844927849036,0.00474199425319572,NaN,4,12348,1.05374447639028
nlml_vecchia_fullMF,MinMax,10,416.756436452663,40.9476354580178,277.959658852691,0.359950024361518,2.29551102718449,0.00728688773615544,NaN,5,12349,1.34524294559349
nlml_vecchia_fullMF,MinMax,20,413.377452407911,31.0751673978377,281.074158823368,0.271940525514936,1.50096386972513,0.00383632694829898,NaN,5,12349,1.34524294559349
nlml_vecchia_fullMF,MinMax,30,406.885271291923,22.4110788721302,276.753885117099,0.244907509836684,0.803668434772713,0.0115932227010439,NaN,5,12349,1.34524294559349
nlml_vecchia_fullMF,MinMax,40,407.144670219005,19.2017937555463,280.481968087848,0.16501058864196,0.545381616186451,0.00172135993999846,NaN,5,12349,1.34524294559349
nlml_vecchia_fullMF,MinMax,60,406.367687974096,14.5113670813669,283.618430272209,0.106522329509603,0.167890885548133,0.0129230111054476,NaN,5,12349,1.34524294559349
nlml_vecchia_fullMF,Corr,10,409.891687737947,28.8573579681245,276.320438913153,0.288119408009355,1.32247211189684,0.0131412449280589,NaN,5,12349,1.34524294559349
nlml_vecchia_fullMF,Corr,20,409.03106418783,18.811798844878,284.644750936165,0.184095129161399,0.513994394084923,0.0165884422140545,NaN,5,12349,1.34524294559349
nlml_vecchia_fullMF,Corr,30,403.289479862445,16.0759637566019,275.897417373672,0.125121234959507,0.293811357845484,0.014652036208875,NaN,5,12349,1.34524294559349
nlml_vecchia_fullMF,Corr,40,403.27115202955,14.6770639370402,277.259661527443,0.116476182979756,0.181226351904942,0.00978687829662701,NaN,5,12349,1.34524294559349
nlml_vecchia_fullMF,Corr,60,401.90471580099,13.5305602113218,275.673292796042,0.0798481820208699,0.0889544629777576,0.0154524811652114,NaN,5,12349,1.34524294559349
nlml_vecchia_fullMF,MinMax,10,420.454574029086,35.9982016676418,290.305367795914,0.409957200165093,5.04374567726278,0.0368049334887842,NaN,6,12350,1.21497453866201
nlml_vecchia_fullMF,MinMax,20,407.726385931358,21.0656087900572,279.781584478042,0.337773910898487,3.36633944301371,0.000780008690470493,NaN,6,12350,1.21497453866201
nlml_vecchia_fullMF,MinMax,30,400.141362251769,6.49154717222473,279.185598736697,0.232598806194375,1.72920769928424,0.00290852929484934,NaN,6,12350,1.21497453866201
nlml_vecchia_fullMF,MinMax,40,398.422658745377,1.66921744447041,280.570521451668,0.191328361320772,1.18750633400546,0.00203762349000768,NaN,6,12350,1.21497453866201
nlml_vecchia_fullMF,MinMax,60,396.959757166827,-5.09415864427103,284.408094383308,0.121492940982784,0.427763581435281,0.0157432417441795,NaN,6,12350,1.21497453866201
nlml_vecchia_fullMF,Corr,10,402.063132752873,18.4150567275708,271.105630183559,0.353674586070305,3.06859794625795,0.0317655611917474,NaN,6,12350,1.21497453866201
nlml_vecchia_fullMF,Corr,20,398.30406504223,2.23526122079284,279.767290269051,0.234093592076694,1.25109109567712,0.000831059439253038,NaN,6,12350,1.21497453866201
nlml_vecchia_fullMF,Corr,30,395.989524383523,-3.19339115756679,280.566861329996,0.170275671755014,0.641280367046017,0.00202455162628411,NaN,6,12350,1.21497453866201
nlml_vecchia_fullMF,Corr,40,395.099037705727,-5.74046642929392,281.332963246132,0.128824301194617,0.355162612753648,0.00476063002619545,NaN,6,12350,1.21497453866201
nlml_vecchia_fullMF,Corr,60,393.856304898911,-7.59781819510272,280.704849398309,0.0826470041365744,0.146522796701477,0.00251736617902522,NaN,6,12350,1.21497453866201
nlml_vecchia_fullMF,MinMax,10,392.625980206838,-6.56134097293585,277.207722791994,0.382805282581089,0.881137951266244,0.00997238087291581,NaN,7,12351,0.987382855884739
nlml_vecchia_fullMF,MinMax,20,382.882466428591,-26.7475036383954,277.90685790096,0.311166176192806,0.515455286642307,0.0074754696743161,NaN,7,12351,0.987382855884739
nlml_vecchia_fullMF,MinMax,30,380.00390025253,-41.8116651350819,287.213887045524,0.244538926011417,0.242560293783684,0.0257639213943566,NaN,7,12351,0.987382855884739
nlml_vecchia_fullMF,MinMax,40,375.781461042005,-46.3870407913224,283.344384280715,0.202337631726903,0.159675022850421,0.0119442681362671,NaN,7,12351,0.987382855884739
nlml_vecchia_fullMF,MinMax,60,370.260906617917,-51.1378218553704,277.054056496587,0.135036033812285,0.0736121932112512,0.0105211890917114,NaN,7,12351,0.987382855884739
nlml_vecchia_fullMF,Corr,10,380.045025725438,-34.2231129721889,279.707585828447,0.332315830157343,0.380030798780294,0.00104429825964581,NaN,7,12351,0.987382855884739
nlml_vecchia_fullMF,Corr,20,375.67659214037,-46.5499593583463,283.297565044469,0.239303457749643,0.156723669654008,0.0117770565718731,NaN,7,12351,0.987382855884739
nlml_vecchia_fullMF,Corr,30,372.09721438179,-51.4420107074635,281.030860876426,0.161810912029944,0.0681016565220451,0.00368168423465829,NaN,7,12351,0.987382855884739
nlml_vecchia_fullMF,Corr,40,373.23089016968,-52.9445883434389,284.800790088182,0.107276141013958,0.0408816938756523,0.01714571764686,NaN,7,12351,0.987382855884739
nlml_vecchia_fullMF,Corr,60,370.98182900105,-54.250817082486,281.608896489969,0.0670113316630631,0.0172186919560032,0.00574609721883812,NaN,7,12351,0.987382855884739
nlml_vecchia_fullMF,MinMax,10,380.621100822669,-39.2100593256228,285.846682376345,0.348264381227021,0.490324487713755,0.0208810168810218,NaN,8,12352,1.0291339278067
nlml_vecchia_fullMF,MinMax,20,377.34869411523,-53.281323631427,293.37313326727,0.269734549299323,0.307417882446535,0.0477611988553457,NaN,8,12352,1.0291339278067
nlml_vecchia_fullMF,MinMax,30,366.327692506381,-64.8821639288743,282.931970347019,0.202251859196533,0.156623307706156,0.010471330976409,NaN,8,12352,1.0291339278067
nlml_vecchia_fullMF,MinMax,40,362.055758931673,-68.9332865477229,278.439225816452,0.159345364388515,0.103964422929952,0.00557418533611944,NaN,8,12352,1.0291339278067
nlml_vecchia_fullMF,MinMax,60,359.215786666053,-73.6395642329218,277.46555897041,0.104307268257918,0.0427894456047435,0.00905156695771801,NaN,8,12352,1.0291339278067
nlml_vecchia_fullMF,Corr,10,368.507491065689,-58.0909966093867,280.500400146148,0.284135937751403,0.244898912030977,0.00178715161617883,NaN,8,12352,1.0291339278067
nlml_vecchia_fullMF,Corr,20,364.98063082575,-68.9767898474912,284.332472904374,0.180045847993183,0.103398941342398,0.0154731258652312,NaN,8,12352,1.0291339278067
nlml_vecchia_fullMF,Corr,30,361.775695183098,-73.7382755600007,282.684087331579,0.118404581768733,0.0415063374671198,0.00958603448541632,NaN,8,12352,1.0291339278067
nlml_vecchia_fullMF,Corr,40,360.229583880893,-75.1608618150353,281.014450982205,0.0952447712568131,0.0230147210101076,0.00362304747433431,NaN,8,12352,1.0291339278067
nlml_vecchia_fullMF,Corr,60,359.281700487655,-76.22792191087,280.185744291564,0.0567045143096658,0.00914444357777068,0.000663380697711081,NaN,8,12352,1.0291339278067
nlml_vecchia_fullMF,MinMax,10,416.190168755035,30.9757054252377,286.799053490215,0.384642965305466,3.21270422818255,0.0242826358352048,NaN,9,12353,1.04189424566654
nlml_vecchia_fullMF,MinMax,20,405.486905433737,13.7731864474309,282.595045825427,0.30100406135072,1.98386743641184,0.00926831832070363,NaN,9,12353,1.04189424566654
nlml_vecchia_fullMF,MinMax,30,398.278229547198,-0.763543433172572,282.714423932951,0.208409603441567,0.94545739121068,0.0096946688303997,NaN,9,12353,1.04189424566654
nlml_vecchia_fullMF,MinMax,40,392.236658861354,-4.82046169847081,274.688200826562,0.187659456095361,0.65565736645636,0.0189704221424145,NaN,9,12353,1.04189424566654
nlml_vecchia_fullMF,MinMax,60,391.375915190345,-10.2245478022373,278.370799588311,0.130221003540833,0.269624376824293,0.00581827983056274,NaN,9,12353,1.04189424566654
nlml_vecchia_fullMF,Corr,10,399.306095410981,6.81869227279174,277.187919954554,0.285038213376103,1.48708331305311,0.0100428511964544,NaN,9,12353,1.04189424566654
nlml_vecchia_fullMF,Corr,20,392.80955241827,-6.24822591871543,277.261752160639,0.196701333239822,0.553667116884544,0.00977916466842184,NaN,9,12353,1.04189424566654
nlml_vecchia_fullMF,Corr,30,391.948302874612,-10.0270718769881,279.318099031595,0.13244453032808,0.283730780819447,0.00243506653580249,NaN,9,12353,1.04189424566654
nlml_vecchia_fullMF,Corr,40,391.656272797385,-11.7872221718851,280.494189172038,0.09339208094168,0.157997017978903,0.00176525663253513,NaN,9,12353,1.04189424566654
nlml_vecchia_fullMF,Corr,60,390.906355543007,-13.1646192933575,280.371751784755,0.0677700306667817,0.0596046684672978,0.00132798012048186,NaN,9,12353,1.04189424566654
nlml_vecchia_fullMF,MinMax,10,420.463432489597,49.5769234789122,276.744362905665,0.286904485218773,1.45409130367547,0.0116273189753732,NaN,10,12354,1.03323670338655
nlml_vecchia_fullMF,MinMax,20,413.202406962858,38.2975746411978,273.501660689902,0.234948774571345,0.895755893743645,0.0232083978060614,NaN,10,12354,1.03323670338655
nlml_vecchia_fullMF,MinMax,30,409.791014708964,29.1771263713636,275.799324451948,0.185727187713321,0.444287524712182,0.0150024561610584,NaN,10,12354,1.03323670338655
nlml_vecchia_fullMF,MinMax,40,407.38214453849,25.9693233096679,274.189387172695,0.149687455054094,0.285499099670853,0.0207522319045299,NaN,10,12354,1.03323670338655
nlml_vecchia_fullMF,MinMax,60,409.528739110962,22.5975469810129,281.854352646295,0.0872954920852524,0.118593886812887,0.00662264357824732,NaN,10,12354,1.03323670338655
nlml_vecchia_fullMF,Corr,10,414.207125027332,34.9371971371093,278.871474322938,0.25925246353144,0.729414930425134,0.00403049282052669,NaN,10,12354,1.03323670338655
nlml_vecchia_fullMF,Corr,20,410.119007108767,25.7008667619127,279.931568861004,0.16483380833647,0.272210318660857,0.000244441066023794,NaN,10,12354,1.03323670338655
nlml_vecchia_fullMF,Corr,30,411.010890786649,22.9431111337311,284.473091844951,0.117097780357,0.135699546513786,0.0159752831605125,NaN,10,12354,1.03323670338655
nlml_vecchia_fullMF,Corr,40,408.044333065045,21.6600011099256,279.823086425548,0.0922522216689269,0.072184730948045,0.00063187831840318,NaN,10,12354,1.03323670338655
nlml_vecchia_fullMF,Corr,60,408.587395975305,20.7958236435946,281.773389712398,0.050847584303554,0.0294073608303299,0.00633349025566993,NaN,10,12354,1.03323670338655
nlml_vecchia_fullMF,MinMax,10,427.198804954209,51.4995651348648,288.292466178936,0.369641033282335,6.7200036709954,0.029615862965098,NaN,11,12355,1.00963847629216
nlml_vecchia_fullMF,MinMax,20,420.014107043481,35.0669519395253,290.35568355282,0.312466878988124,4.25668511947262,0.0369844958158018,NaN,11,12355,1.00963847629216
nlml_vecchia_fullMF,MinMax,30,407.308261089959,21.0620696114361,278.948873973866,0.24178757713025,2.15729374205858,0.0037541063543432,NaN,11,12355,1.00963847629216
nlml_vecchia_fullMF,MinMax,40,405.763611847175,16.3674648903637,280.55418020937,0.184054563210562,1.4535525437467,0.0019791297128298,NaN,11,12355,1.00963847629216
nlml_vecchia_fullMF,MinMax,60,401.466254392927,10.9912072502984,277.335722940939,0.134350766027246,0.647628676062953,0.00951535955278563,NaN,11,12355,1.00963847629216
nlml_vecchia_fullMF,Corr,10,411.884639302868,36.8508972334467,272.312802777673,0.371448346377322,4.52410610024911,0.0274543586083325,NaN,11,12355,1.00963847629216
nlml_vecchia_fullMF,Corr,20,406.536282820495,20.0732802937405,278.393706752633,0.269390762035959,2.00907002128617,0.0057368462613422,NaN,11,12355,1.00963847629216
nlml_vecchia_fullMF,Corr,30,403.870698466198,14.5811416584029,278.554676679376,0.202335409126214,1.18577509995259,0.00516195371478193,NaN,11,12355,1.00963847629216
nlml_vecchia_fullMF,Corr,40,401.686337359915,11.6341387099607,277.132957415252,0.16943081800742,0.744006834126868,0.0102395220828586,NaN,11,12355,1.00963847629216
nlml_vecchia_fullMF,Corr,60,400.70111846839,8.93557349759567,277.861084844569,0.112818364270502,0.339480440722926,0.00763906719959251,NaN,11,12355,1.00963847629216
nlml_vecchia_fullMF,MinMax,10,409.81942102119,36.6964091295141,268.336854318249,0.321286412680053,14.9734521297208,0.0416541154448709,NaN,12,12356,1.01261825823354
nlml_vecchia_fullMF,MinMax,20,401.017152837065,22.9760908971552,264.452636182359,0.275465695293581,9.0011825892427,0.0555263227296365,NaN,12,12356,1.01261825823354
nlml_vecchia_fullMF,MinMax,30,400.18288754411,13.0158720032765,272.744324490327,0.196160851830003,4.66563359475123,0.0259131509342662,NaN,12,12356,1.01261825823354
nlml_vecchia_fullMF,MinMax,40,400.490285771674,9.70455119889539,276.670441749836,0.157168610101089,3.2242602939399,0.0118913039259962,NaN,12,12356,1.01261825823354
nlml_vecchia_fullMF,MinMax,60,400.974738025411,5.03928827712377,282.304609179082,0.0939342699872614,1.19353424413834,0.00823072210889393,NaN,12,12356,1.01261825823354
nlml_vecchia_fullMF,Corr,10,406.891846541608,26.0623180548267,273.115796433772,0.312291602675458,10.3445756604972,0.0245864654548052,NaN,12,12356,1.01261825823354
nlml_vecchia_fullMF,Corr,20,399.888869667926,12.0209431776268,273.151217563609,0.213508833165819,4.23255449120992,0.0244599614228045,NaN,12,12356,1.01261825823354
nlml_vecchia_fullMF,Corr,30,399.814409464767,7.05398532863285,277.969255006284,0.147132901893558,2.0705047072316,0.00725268526779667,NaN,12,12356,1.01261825823354
nlml_vecchia_fullMF,Corr,40,398.720158212165,5.09062594947522,277.744111880238,0.118518174356218,1.21588084074573,0.00805676784091372,NaN,12,12356,1.01261825823354
nlml_vecchia_fullMF,Corr,60,399.244181500201,3.40784142162227,280.474942984164,0.0749821557292439,0.483387424143964,0.00169620014595218,NaN,12,12356,1.01261825823354
nlml_vecchia_fullMF,MinMax,10,431.641755882485,56.320044995505,292.357888174849,0.383641469619599,31.6355774554231,0.0441353190669992,NaN,13,12357,0.899252231565318
nlml_vecchia_fullMF,MinMax,20,414.380846657324,33.5017334944879,280.654381225542,0.303119412658051,19.2234398328915,0.00233707979593075,NaN,13,12357,0.899252231565318
nlml_vecchia_fullMF,MinMax,30,403.261680652437,15.5075902218443,276.410192488413,0.233686838432694,9.43543327115935,0.0128207371827349,NaN,13,12357,0.899252231565318
nlml_vecchia_fullMF,MinMax,40,402.989767508989,10.220861337388,281.153095085973,0.175082836262766,6.55968996806874,0.00411820073313028,NaN,13,12357,0.899252231565318
nlml_vecchia_fullMF,MinMax,60,400.209593640267,3.86564298939425,281.947965696523,0.136792039712353,3.10273633883021,0.00695702435353908,NaN,13,12357,0.899252231565318
nlml_vecchia_fullMF,Corr,10,404.87808309051,26.2799753470986,268.870612239306,0.338149591844215,15.2951274335257,0.0397478096081747,NaN,13,12357,0.899252231565318
nlml_vecchia_fullMF,Corr,20,399.279043814224,7.96786204938985,275.984646984441,0.207972162831,5.33415944514411,0.0143405425601111,NaN,13,12357,0.899252231565318
nlml_vecchia_fullMF,Corr,30,397.736865541816,3.58305820383373,277.285094285181,0.143754868533579,2.94902289477216,0.00969608789612156,NaN,13,12357,0.899252231565318
nlml_vecchia_fullMF,Corr,40,397.04631797391,1.35792637770305,278.1291309755,0.110650562918157,1.73865102071925,0.00668167113298356,NaN,13,12357,0.899252231565318
nlml_vecchia_fullMF,Corr,60,396.112969519682,-0.672567476306085,278.292927921053,0.0839814179436852,0.634153470296091,0.00609668203939402,NaN,13,12357,0.899252231565318
nlml_vecchia_fullMF,MinMax,10,392.37244951237,-3.68548696139442,273.824807391518,0.329756590127543,0.894395362097491,0.0220541862244083,NaN,14,12358,1.1495218040594
nlml_vecchia_fullMF,MinMax,20,389.980034496767,-15.9845675860014,281.33905798492,0.23604911038483,0.541975188182679,0.00478242504350518,NaN,14,12358,1.1495218040594
nlml_vecchia_fullMF,MinMax,30,384.759369566369,-25.7465847388756,280.659745276997,0.183561097573526,0.262252509083223,0.00235630804816797,NaN,14,12358,1.1495218040594
nlml_vecchia_fullMF,MinMax,40,382.469328939727,-28.5398546685994,278.872933953437,0.149431488119213,0.182213626139831,0.00402516144149571,NaN,14,12358,1.1495218040594
nlml_vecchia_fullMF,MinMax,60,378.588500003134,-32.668436668122,275.239858079774,0.109774601589533,0.0639124595158575,0.0170004333886345,NaN,14,12358,1.1495218040594
nlml_vecchia_fullMF,Corr,10,384.910545370754,-17.7287531925851,272.944265339476,0.284746217784204,0.491996965128988,0.0251989795024569,NaN,14,12358,1.1495218040594
nlml_vecchia_fullMF,Corr,20,379.705228404504,-30.1294057070324,274.934283921424,0.160884210857614,0.136666331142003,0.0180917697500217,NaN,14,12358,1.1495218040594
nlml_vecchia_fullMF,Corr,30,379.089571455397,-32.5809795590279,276.154543875204,0.111443464751896,0.0664184720006752,0.0137336981607996,NaN,14,12358,1.1495218040594
nlml_vecchia_fullMF,Corr,40,379.044533155348,-33.7124102074868,277.195897923566,0.092588070353083,0.0339982449875549,0.0100145762815413,NaN,14,12358,1.1495218040594
nlml_vecchia_fullMF,Corr,60,379.978737618446,-34.5686842710541,279.920580913329,0.0512752889743443,0.00946240660973543,0.000283564876522904,NaN,14,12358,1.1495218040594
nlml_vecchia_fullMF,MinMax,10,396.620094012086,10.9104679897976,267.724141439759,0.368541367351767,1.29426841305034,0.0438423090210118,NaN,15,12359,1.03476152843091
nlml_vecchia_fullMF,MinMax,20,396.023425751452,-7.06331479474056,284.504587703029,0.296894740217784,0.809493924782425,0.0160878588988489,NaN,15,12359,1.03476152843091
nlml_vecchia_fullMF,MinMax,30,384.533080764443,-19.2227900578372,273.683372992107,0.2388478371574,0.481538286899401,0.0225593382345132,NaN,15,12359,1.03476152843091
nlml_vecchia_fullMF,MinMax,40,385.381467240141,-23.6204536777462,279.777809563412,0.179045406984387,0.362928022356215,0.000793492358608482,NaN,15,12359,1.03476152843091
nlml_vecchia_fullMF,MinMax,60,379.923234295281,-32.0767476284857,277.31763762443,0.143818349154568,0.13485162787907,0.00957982110706687,NaN,15,12359,1.03476152843091
nlml_vecchia_fullMF,Corr,10,392.004347274043,-9.00231904480518,278.405434998274,0.321620375967373,0.75719665356565,0.00569483031156339,NaN,15,12359,1.03476152843091
nlml_vecchia_fullMF,Corr,20,381.22746433271,-22.8761616832562,270.72551175406,0.242555973494088,0.383002470516409,0.0331231288452451,NaN,15,12359,1.03476152843091
nlml_vecchia_fullMF,Corr,30,380.419170148822,-27.0222802062882,273.255041909315,0.207873996365514,0.271176679062536,0.0240890921703917,NaN,15,12359,1.03476152843091
nlml_vecchia_fullMF,Corr,40,382.337569201534,-29.740126252705,279.809686061157,0.174056778788322,0.197873110073369,0.00067964771868904,NaN,15,12359,1.03476152843091
nlml_vecchia_fullMF,Corr,60,382.900203585722,-32.2629643903501,283.457792967178,0.158702935008856,0.129829138371887,0.0123493061027599,NaN,15,12359,1.03476152843091
nlml_vecchia_fullMF,MinMax,10,416.856734694968,35.3327587500842,283.775132045235,0.251518279951019,0.624421854687801,0.0134826418649999,NaN,16,12360,0.922454491562895
nlml_vecchia_fullMF,MinMax,20,414.784263116374,29.9691188700535,284.993828768078,0.178238185708251,0.377828773648635,0.0178351302786127,NaN,16,12360,0.922454491562895
nlml_vecchia_fullMF,MinMax,30,411.999537520751,26.3769715290168,283.016524917868,0.120083015309727,0.212679975409811,0.0107733306225347,NaN,16,12360,0.922454491562895
nlml_vecchia_fullMF,MinMax,40,411.576047053912,24.8077558906548,283.738759622553,0.0987612792910652,0.140535363218523,0.0133527403519042,NaN,16,12360,0.922454491562895
nlml_vecchia_fullMF,MinMax,60,408.128006434942,22.5255348388625,279.124899436405,0.0505653459873622,0.0356103620324469,0.00312533218726041,NaN,16,12360,0.922454491562895
nlml_vecchia_fullMF,Corr,10,412.206590171566,29.2583460568196,280.549255691696,0.186230256272113,0.34515102833863,0.00196165457639483,NaN,16,12360,0.922454491562895
nlml_vecchia_fullMF,Corr,20,411.532445904463,24.7972250530404,283.662088161268,0.126171809899628,0.140051208474479,0.013078913697052,NaN,16,12360,0.922454491562895
nlml_vecchia_fullMF,Corr,30,408.188280117069,22.829038183702,278.94194345582,0.0843273022216038,0.049563913460889,0.00377874642131264,NaN,16,12360,0.922454491562895
nlml_vecchia_fullMF,Corr,40,408.521824104633,22.3275391670416,280.110530447609,0.0583647807192685,0.0265075207084916,0.000394778662266736,NaN,16,12360,0.922454491562895
nlml_vecchia_fullMF,Corr,60,407.778574489231,21.9232488847429,279.028321499102,0.0335288635197866,0.00792029476190947,0.00347025340124709,NaN,16,12360,0.922454491562895
nlml_vecchia_fullMF,MinMax,10,441.386564713777,82.4056878953784,285.761862937559,0.370506551434637,1.09586803381193,0.0205780716791294,NaN,17,12361,0.91918635421761
nlml_vecchia_fullMF,MinMax,20,432.611280501171,62.4997682959705,288.117214111755,0.271317332770912,0.589590110072045,0.0289900400739946,NaN,17,12361,0.91918635421761
nlml_vecchia_fullMF,MinMax,30,426.632129681032,49.2388535418111,289.419827225636,0.206028144127949,0.25231815661619,0.0336422297197447,NaN,17,12361,0.91918635421761
nlml_vecchia_fullMF,MinMax,40,423.921981637637,46.2144258606492,287.023958820008,0.155875695548406,0.175396266156748,0.0250855569283623,NaN,17,12361,0.91918635421761
nlml_vecchia_fullMF,MinMax,60,421.560373824513,42.5112285766207,286.00394047779,0.118175932022654,0.0812108645331593,0.0214426343141352,NaN,17,12361,0.91918635421761
nlml_vecchia_fullMF,Corr,10,429.083815090725,53.4520036300019,290.110047956831,0.275676417800132,0.359473461268239,0.0361073037349912,NaN,17,12361,0.91918635421761
nlml_vecchia_fullMF,Corr,20,422.683209429273,44.675254286632,286.085585977297,0.174510152007969,0.136249690441852,0.0217342253808794,NaN,17,12361,0.91918635421761
nlml_vecchia_fullMF,Corr,30,419.685793471601,42.1298148866219,282.636193461963,0.126002632596302,0.0715101656986125,0.00941496652115879,NaN,17,12361,0.91918635421761
nlml_vecchia_fullMF,Corr,40,419.110615863751,40.7888296217726,282.826823511113,0.0869433783901259,0.0374041686225517,0.010095788118434,NaN,17,12361,0.91918635421761
nlml_vecchia_fullMF,Corr,60,417.06626670878,39.7595807761352,279.767374046808,0.0540575588599146,0.0112267310026141,0.000830817001586256,NaN,17,12361,0.91918635421761
nlml_vecchia_fullMF,MinMax,10,412.354538354034,17.742772263033,292.360725850418,0.394585436663808,1.75867187779148,0.0441453478539622,NaN,18,12362,1.17176887743815
nlml_vecchia_fullMF,MinMax,20,399.701156926014,-0.392052708114193,285.188787965525,0.302986914597134,0.983236026487363,0.0185312864719944,NaN,18,12362,1.17176887743815
nlml_vecchia_fullMF,MinMax,30,395.380315801866,-13.186807948788,289.341860957904,0.227913139082924,0.436138828799217,0.0333636885727782,NaN,18,12362,1.17176887743815
nlml_vecchia_fullMF,MinMax,40,394.506574695752,-16.0068233641736,290.41439416106,0.183764247956358,0.315556410286804,0.0371941639255717,NaN,18,12362,1.17176887743815
nlml_vecchia_fullMF,MinMax,60,387.724574610423,-20.5678658460655,281.411436472295,0.116822224041835,0.120528563841789,0.00504074673758735,NaN,18,12362,1.17176887743815
nlml_vecchia_fullMF,Corr,10,401.537411942587,-5.99295428431719,294.462199574874,0.276758747118429,0.743744336398072,0.0516506104252083,NaN,18,12362,1.17176887743815
nlml_vecchia_fullMF,Corr,20,389.73204326809,-18.6452811284126,283.503789069975,0.166435489922544,0.202737304185816,0.0125134338592366,NaN,18,12362,1.17176887743815
nlml_vecchia_fullMF,Corr,30,388.14056569735,-21.0173008816923,282.692853681775,0.111196622026023,0.101310951319381,0.00961723632607973,NaN,18,12362,1.17176887743815
nlml_vecchia_fullMF,Corr,40,387.09267983816,-22.1635788294703,281.743359911173,0.0791331289571362,0.0522966918666122,0.00622618747536338,NaN,18,12362,1.17176887743815
nlml_vecchia_fullMF,Corr,60,386.041993834584,-23.0708640590852,280.549273133637,0.0453378607066465,0.0135016389492898,0.00196159225631773,NaN,18,12362,1.17176887743815
nlml_vecchia_fullMF,MinMax,10,403.265833129016,6.69038146222351,285.235706201192,0.389177237919361,1.15615768827744,0.0186988524444766,NaN,19,12363,0.898047289599166
nlml_vecchia_fullMF,MinMax,20,389.010416985847,-13.3098833210768,276.725138698155,0.321328924862859,0.689338997724196,0.0116960285627431,NaN,19,12363,0.898047289599166
nlml_vecchia_fullMF,MinMax,30,388.411377355093,-29.4800412691951,291.697217384764,0.235151221649091,0.311917396502067,0.0417756758738628,NaN,19,12363,0.898047289599166
nlml_vecchia_fullMF,MinMax,40,385.585019443333,-33.1955060203136,289.759966312363,0.182896239630482,0.225196125123596,0.0348569227113132,NaN,19,12363,0.898047289599166
nlml_vecchia_fullMF,MinMax,60,380.568818408323,-38.2740240692696,284.8060822913,0.146335793829915,0.10666033716022,0.0171644814857384,NaN,19,12363,0.898047289599166
nlml_vecchia_fullMF,Corr,10,384.25664270908,-23.3295399357237,277.237246759268,0.305043554425757,0.455473944870089,0.00986707137806547,NaN,19,12363,0.898047289599166
nlml_vecchia_fullMF,Corr,20,377.740824243842,-36.8292052074538,277.705275100521,0.183447665976642,0.140383313154149,0.00819554174912961,NaN,19,12363,0.898047289599166
nlml_vecchia_fullMF,Corr,30,378.388917403387,-39.9015881820146,282.073844394171,0.13073634022596,0.0686719726992909,0.0074064899373487,NaN,19,12363,0.898047289599166
nlml_vecchia_fullMF,Corr,40,378.067142687172,-41.2081305412772,282.736837321004,0.0927868187212411,0.0381764567692939,0.00977432159046773,NaN,19,12363,0.898047289599166
nlml_vecchia_fullMF,Corr,60,376.996588064458,-42.3441949390191,281.731792473318,0.0539414540436584,0.0116600030980965,0.00618487605215217,NaN,19,12363,0.898047289599166
nlml_vecchia_fullMF,MinMax,10,406.384388369358,34.8663080039116,263.296890140187,0.44885589340898,2.90575603705599,0.0596540744575747,NaN,20,12364,1.1807597122217
nlml_vecchia_fullMF,MinMax,20,397.42598273695,12.8459244050964,267.400462474187,0.342560232697499,1.70214483230719,0.0449984607038733,NaN,20,12364,1.1807597122217
nlml_vecchia_fullMF,MinMax,30,396.234092905896,-3.68386745383327,281.546474671009,0.252882594264628,0.798643646494799,0.00552300548158933,NaN,20,12364,1.1807597122217
nlml_vecchia_fullMF,MinMax,40,394.309201952704,-7.53453710832997,281.547362419121,0.223359122797229,0.588170058641961,0.00552617601018641,NaN,20,12364,1.1807597122217
nlml_vecchia_fullMF,MinMax,60,393.396419581402,-14.0166576862427,286.203918254429,0.145500586414669,0.233864107381043,0.0221567306075523,NaN,20,12364,1.1807597122217
nlml_vecchia_fullMF,Corr,10,395.002168013729,3.14899910622148,272.249758326621,0.314667502366279,1.17212100738318,0.0276795489835034,NaN,20,12364,1.1807597122217
nlml_vecchia_fullMF,Corr,20,393.402855397774,-10.5349177065195,282.73504990745,0.208834954684286,0.424172383929059,0.00976791654070973,NaN,20,12364,1.1807597122217
nlml_vecchia_fullMF,Corr,30,393.962241104404,-14.4771899509731,287.796093565165,0.158880806745601,0.208691894031966,0.0278430703337917,NaN,20,12364,1.1807597122217
nlml_vecchia_fullMF,Corr,40,390.384914677883,-16.1702409967118,282.334491757861,0.117893440635842,0.116151489378325,0.0083373518891172,NaN,20,12364,1.1807597122217
nlml_vecchia_fullMF,Corr,60,389.474818090325,-17.6157744693204,281.959832055354,0.0601305294276738,0.0371401371617018,0.00699928168050196,NaN,20,12364,1.1807597122217
