Conditioning,m,NLML,logdetK,quad,relErr_alpha,relErr_logdet,relErr_quad,RMSE,Rep,Seed,ExactRMSE
MinMax,10,420.825667486188,67.500862638547,259.544893739212,0.490533433817697,1.82025488360157,0.0730539161328537,1.09475833706071,1,12345,0.980814462582819
MinMax,20,413.360060941735,48.0177184288571,264.096824859997,0.334871526038632,1.00622924811416,0.0567970186626053,1.37183881683187,1,12345,0.980814462582819
MinMax,30,416.770283295444,33.6904350618903,285.244552934382,0.261473132800496,0.407620736978527,0.0187305844384412,1.31728723554462,1,12345,0.980814462582819
MinMax,40,414.813656851756,30.1347127707817,284.887022338114,0.225191370843146,0.259059033257374,0.0174536894038349,1.13408683285688,1,12345,0.980814462582819
MinMax,60,409.761995109153,23.5850496314903,281.333361992199,0.135307857976985,0.0145925725516362,0.00476204483482368,1.09434263078911,1,12345,0.980814462582819
Corr,10,426.217253138642,55.6748756828626,282.154051999804,0.339381048033819,1.32615308754347,0.00769308068630401,0.938370900785833,1,12345,0.980814462582819
Corr,20,416.187231979085,26.5191893288127,291.249696034742,0.22320979425944,0.107998776463468,0.0401775248877231,1.0206881926481,1,12345,0.980814462582819
Corr,30,413.056251304323,24.055550300196,287.451373713832,0.150836787504188,0.00506542523960229,0.0266120875180726,1.08779323290614,1,12345,0.980814462582819
Corr,40,413.907544823356,23.1643196679504,290.045191384145,0.129968234001634,0.032171099521057,0.0358757224026708,1.10264229924357,1,12345,0.980814462582819
Corr,60,411.780520508342,23.2820663372822,285.673396084784,0.0835440817555222,0.0272515235892778,0.0202621671759462,1.07646318107166,1,12345,0.980814462582819
MinMax,10,422.909821321818,52.8822927549397,278.33177129408,0.340949439309675,0.564339097214738,0.0059580835084175,1.50438226516989,2,12346,1.19495286893762
MinMax,20,429.477750341766,45.9619081200776,298.388013968838,0.28435823990419,0.359623535764962,0.0656713456916432,1.30768033075341,2,12346,1.19495286893762
MinMax,30,416.636765142965,39.0668400743674,279.601111616946,0.200204331007505,0.155656877741176,0.00142472577726359,1.21646567152337,2,12346,1.19495286893762
MinMax,40,416.355075499699,37.499234965333,280.605337439449,0.164606416378686,0.109284721140099,0.00216179457055689,1.20523379433827,2,12346,1.19495286893762
MinMax,60,412.740726049073,33.3790395009247,277.496834002604,0.107266482803488,0.0125969620730157,0.00894000203503973,1.23196393755986,2,12346,1.19495286893762
Corr,10,429.851673361332,58.6988640826244,286.398904045423,0.340655537973821,0.736402172879803,0.0228531012997465,1.56080146119298,2,12346,1.19495286893762
Corr,20,414.782711697224,36.3065932899538,278.653251509877,0.225294952819679,0.0740045563709723,0.00480994002361304,1.22412276365001,2,12346,1.19495286893762
Corr,30,419.295351392003,34.9321152310933,289.053008958295,0.157992851089972,0.0333453932801605,0.0323320462361963,1.16234185033243,2,12346,1.19495286893762
Corr,40,415.4235924061,33.5854808790381,282.656125338546,0.11163930135871,0.00649011037953526,0.0094860361548288,1.2814517819365,2,12346,1.19495286893762
Corr,60,413.948027177801,33.3179718363012,279.972503924684,0.060394674695498,0.0144034369887078,9.8324843452237e-05,1.19945814082415,2,12346,1.19495286893762
MinMax,10,404.711695401001,6.46284957809439,288.354962629291,0.301813377461359,1.68996830597759,0.0298391355962185,1.0526738365806,3,12347,0.97566048827048
MinMax,20,404.228840353428,-0.828941923805587,294.681044036045,0.204057976411073,0.911502867580188,0.0524322831121808,1.09968164097502,3,12347,0.97566048827048
MinMax,30,398.315002953475,-5.10714352302728,287.13157083536,0.164346239047453,0.454765715589107,0.0254698792599682,1.10612756531886,3,12347,0.97566048827048
MinMax,40,397.863185926604,-6.63205064434288,287.752843902935,0.138477230112416,0.291967932575021,0.0276887116082882,1.02277678954845,3,12347,0.97566048827048
MinMax,60,394.018072429102,-9.50671749303717,282.937283756624,0.0784547299266244,0.0149290471359561,0.0104902827923999,1.00419481383494,3,12347,0.97566048827048
Corr,10,406.39474119666,20.4254426421924,277.758461156511,0.407146190679154,3.18060282672264,0.00800551190895175,1.01399151702322,3,12347,0.97566048827048
Corr,20,400.43476334562,-9.05146557682463,295.315413673447,0.245789429847672,0.0336732589562179,0.0546978889234118,1.04936966353589,3,12347,0.97566048827048
Corr,30,393.633254126918,-9.93219769844416,282.593127357664,0.151857335918178,0.0603529507877897,0.0092611528159854,0.962508139212176,3,12347,0.97566048827048
Corr,40,393.138367657509,-10.6529436931195,282.32410041352,0.124135369575407,0.137299178141095,0.00830034231672337,1.06953646430282,3,12347,0.97566048827048
Corr,60,391.878162197824,-10.4418770475733,279.592622848605,0.0610746865395973,0.114765883173268,0.00145493454309941,1.00233516988988,3,12347,0.97566048827048
MinMax,10,404.90439600222,12.9241867095498,282.279026700273,0.316169709369349,3.76523727261707,0.0081394386792123,1.36183576863036,4,12348,1.05374460780736
MinMax,20,399.664043374421,5.17883945606195,279.543668698163,0.24961482947583,2.1080557883167,0.00162969760083421,1.39713026350521,4,12348,1.05374460780736
MinMax,30,396.185079757488,0.550331388544464,277.214249531816,0.192396144535392,1.11774797920319,0.00994905224174318,1.3797226281124,4,12348,1.05374460780736
MinMax,40,394.964009820968,-1.11023581083828,276.432676858158,0.173538460249787,0.762455811377613,0.012740383378593,1.42284112280937,4,12348,1.05374460780736
MinMax,60,395.040791168345,-4.69873660208765,280.17474034416,0.0859881701906255,0.00533378836922616,0.00062412983508547,1.07736589579136,4,12348,1.05374460780736
Corr,10,413.512966617248,29.0484226355492,283.37193200433,0.3969840115174,7.21515169872939,0.0120426721310242,1.24394048225973,4,12348,1.05374460780736
Corr,20,404.306435991184,-1.41839651178714,295.425689899539,0.260402737651643,0.696522265587072,0.0550918099309585,1.51063987906763,4,12348,1.05374460780736
Corr,30,401.889510983613,-3.45865065264104,292.632094025251,0.232584855257305,0.259992917730175,0.0451146812383907,1.52049749864819,4,12348,1.05374460780736
Corr,40,399.770624295902,-4.85985713438174,289.795527131569,0.16027457930597,0.0398068667374237,0.0349840846106446,1.12772304394371,4,12348,1.05374460780736
Corr,60,395.818412248062,-5.6238764494675,282.655122350975,0.107925740141955,0.203275155656016,0.00948263750847166,1.08787183256887,4,12348,1.05374460780736
MinMax,10,419.941531277953,26.3105130602928,298.966970900997,0.393547376984457,3.95550742642782,0.0677392090577361,1.31440817252315,6,12350,1.21497454652488
MinMax,20,411.584060460483,12.2745324805792,296.28800984577,0.330918448079328,2.37882039088893,0.0581714907590088,1.43676803873382,6,12350,1.21497454652488
MinMax,30,405.472751955922,0.451506938162538,295.888418379066,0.246570207553072,1.05071858940056,0.0567443783414764,1.3763139163311,6,12350,1.21497454652488
MinMax,40,399.641979904864,-2.35191500224005,287.030296217351,0.220031436468329,0.735805142244151,0.0251082269559828,1.44587588719624,6,12350,1.21497454652488
MinMax,60,396.831171744379,-8.92231573547929,287.97908062962,0.137825417091413,0.0022598326651332,0.0284967428006264,1.28663336638621,6,12350,1.21497454652488
Corr,10,420.01742142117,24.359639749762,301.069624497962,0.448908452804928,3.7363623058412,0.0752486863815361,1.42267545076571,6,12350,1.21497454652488
Corr,20,395.95279127965,-4.06396953560051,281.363973500283,0.271936646933228,0.543486966000272,0.00487135959249365,1.24801115450734,6,12350,1.21497454652488
Corr,30,394.031116770328,-7.70620570198662,281.162860648026,0.175152333166347,0.134348002655467,0.00415309938751686,1.25838269073955,6,12350,1.21497454652488
Corr,40,393.507416501493,-9.21734095193983,281.626595360308,0.107244542175736,0.0354005477942707,0.00580929483082346,1.33008915019598,6,12350,1.21497454652488
Corr,60,392.604401633325,-9.6240921798219,280.227316851856,0.072586947642187,0.0810916474683533,0.000811871458722574,1.20478818104723,6,12350,1.21497454652488
MinMax,10,380.396488887794,-31.1769065630216,277.364305743992,0.325537767183844,0.435214529877901,0.0094132056255771,1.14830652789349,7,12351,0.987382856089842
MinMax,20,378.911121252259,-42.0227655153043,285.239429425205,0.269621767322278,0.23873629574455,0.0187122357564699,1.07539691747759,7,12351,0.987382856089842
MinMax,30,377.682633902292,-48.1810699356622,288.94075914563,0.215660850411115,0.127175488703734,0.031931270314084,1.15045798139687,7,12351,0.987382856089842
MinMax,40,377.811292582113,-50.4764501804034,291.493456750013,0.194624609552467,0.0855935117357945,0.0410480473634956,1.10002867352732,7,12351,0.987382856089842
MinMax,60,370.677529701094,-54.7379635970421,281.487444404614,0.111671938727504,0.00839403546374389,0.0053122894147136,1.0832902152817,7,12351,0.987382856089842
Corr,10,399.225782955043,-6.48241332934248,290.328400644811,0.52165543449182,0.882567795738885,0.0368871327518537,1.09841401456058,7,12351,0.987382856089842
Corr,20,380.934372940605,-48.7245036914297,295.987670978023,0.303421267228715,0.117330910678939,0.0570988122714549,1.09612200950708,7,12351,0.987382856089842
Corr,30,374.441427297785,-52.578099567115,286.855375568068,0.241354382147938,0.0475210674890771,0.0244834719119151,1.05409418984348,7,12351,0.987382856089842
Corr,40,369.617539502793,-55.2492213183752,279.878721729345,0.192126802061381,0.000867657382947319,0.000433148642495667,1.0015681366134,7,12351,0.987382856089842
Corr,60,370.66202126078,-56.5740075491313,283.292471476075,0.102376368210369,0.0248668316639611,0.0117588145927871,1.05651730584219,7,12351,0.987382856089842
MinMax,10,378.904714717762,-53.7442378492632,296.94808869017,0.356894215512565,0.301400204260572,0.0605290828176896,1.12806180453943,8,12352,1.0291338847745
MinMax,20,371.463810046365,-64.5123887195025,292.834430217616,0.275244257157309,0.161429329251808,0.0458374427193598,1.05243162872265,8,12352,1.0291338847745
MinMax,30,365.005171518974,-70.1583449617544,285.563109405086,0.197591832303313,0.0880398081527562,0.0198684350513841,1.11142854569389,8,12352,1.0291338847745
MinMax,40,360.753456660949,-72.2919326554485,279.19326738273,0.172007605031511,0.0603061573158554,0.00288100491794166,1.1049100203817,8,12352,1.0291338847745
MinMax,60,359.577311704187,-76.5501003804647,281.099145194223,0.0952478663318916,0.0049559426330485,0.0039257028009087,1.11550722215847,8,12352,1.0291338847745
Corr,10,379.911728242802,-33.7173373399398,278.935215230927,0.46540700010032,0.561721852961726,0.00380261991495272,1.0529878410396,8,12352,1.0291338847745
Corr,20,373.278749337893,-71.6388626553734,303.590782736544,0.307457874247439,0.068795152358182,0.0842529944802077,1.09408038407944,8,12352,1.0291338847745
Corr,30,365.731167368841,-74.6007230410369,291.457479184102,0.243550216755446,0.0302951169453328,0.0409197595542678,1.05943149754993,8,12352,1.0291338847745
Corr,40,364.072473446173,-76.9271353574187,290.466503655148,0.191601473339658,5.50161630250623e-05,0.0373805605870287,1.22313277635915,8,12352,1.0291338847745
Corr,60,361.382551416846,-78.1393378151588,286.298862054235,0.107992597739726,0.0157019174778837,0.0224961235663167,0.980212799307707,8,12352,1.0291338847745
MinMax,10,409.608530551897,11.3955457783309,293.215936730846,0.341460437626671,1.81401784527248,0.047199677129492,1.16484940601485,9,12353,1.04189425815503
MinMax,20,404.947516780664,0.290087444139999,294.999367522571,0.269379817000939,1.02072181190904,0.053569072224792,1.03359176027311,9,12353,1.04189425815503
MinMax,30,398.703660518736,-6.93266572302446,289.73440816588,0.207019421669777,0.504778996668879,0.0347656476909912,1.16494730977785,9,12353,1.04189425815503
MinMax,40,394.087901180057,-9.2741149202601,282.844338685757,0.186880842289369,0.337522292389471,0.010158258967751,1.05655884131236,9,12353,1.04189425815503
MinMax,60,391.344633950635,-14.1448126911424,282.228501997796,0.105214645303468,0.0104061861188944,0.00795884242857068,1.1398180745498,9,12353,1.04189425815503
Corr,10,410.122526835033,18.8815242463572,286.757950829092,0.458467201957035,2.34876362935651,0.0241354439004809,1.28664929207787,9,12353,1.04189425815503
Corr,20,399.994338441286,-11.9385252901814,297.321623578137,0.260976371403288,0.147195507658444,0.0618628430842984,1.10531373023184,9,12353,1.04189425815503
Corr,30,392.822110798634,-13.6888054184515,284.727448421103,0.185245881277833,0.0221677743359282,0.0168836502573253,1.07247410373566,9,12353,1.04189425815503
Corr,40,393.446681154795,-14.5861389822261,286.873922697199,0.13486677513672,0.0419314402417068,0.0245496291053888,1.12202604861334,9,12353,1.04189425815503
Corr,60,391.053160294768,-14.9103776697142,282.411119664633,0.0729129037136094,0.0650927773884479,0.00861104832120201,1.09382661752709,9,12353,1.04189425815503
MinMax,10,417.520531694673,35.100886288581,285.334598506148,0.289168490635982,0.737515838390133,0.0190521693714036,1.32372096235479,10,12354,1.03323681618884
MinMax,20,417.213120680978,28.3607619738242,291.459900793516,0.228544554043141,0.403875466653472,0.0409282496528596,1.25395563867256,10,12354,1.03323681618884
MinMax,30,409.035967211419,24.163514130614,279.302841697607,0.17832745988761,0.196109071660789,0.002489819903802,1.06753058144424,10,12354,1.03323681618884
MinMax,40,408.523736323095,22.7867904372913,279.655103614283,0.160036845505302,0.127960387249555,0.00123174159064035,1.04298503636415,10,12354,1.03323681618884
MinMax,60,406.985389292764,20.0213091774306,279.34389081348,0.083928308090199,0.00893266582820433,0.00234321591396047,1.03138525642851,10,12354,1.03323681618884
Corr,10,430.799183177648,47.0777624663997,299.91502529428,0.431468638357547,1.3303787046525,0.0711251238136479,1.27427539475126,10,12354,1.03323681618884
Corr,20,423.362640982107,20.7449347030731,311.374768666524,0.262999791788474,0.0268872505559679,0.112052779993671,1.17235928824696,10,12354,1.03323681618884
Corr,30,414.724328972538,20.512137624526,294.330941725934,0.212467528807608,0.0153636494770341,0.0511819675891068,1.32484900070963,10,12354,1.03323681618884
Corr,40,411.985588682765,19.4619739928165,289.903624778096,0.171615426902631,0.0366201075140266,0.0353701208526474,1.15776533095016,10,12354,1.03323681618884
Corr,60,408.643574215371,19.2755521107183,283.406017725408,0.0781263434988045,0.0458481073458577,0.0121643806534879,1.02011104914687,10,12354,1.03323681618884
MinMax,10,423.423325908624,38.1805870922151,294.060486130416,0.324692664355722,4.72340170912182,0.0502160660305414,1.1736086571736,11,12355,1.00963832084627
MinMax,20,416.69687425671,25.5017631263622,293.286406792441,0.303797494596389,2.82280226101608,0.0474514968501636,1.21058175798389,11,12355,1.00963832084627
MinMax,30,413.421914013244,14.4132160685967,297.825033363275,0.228290708248912,1.16059080709549,0.0636608781414966,1.25103448857383,11,12355,1.00963832084627
MinMax,40,409.264676880538,11.7319339424585,292.191841224,0.194093327331438,0.758657367300201,0.0435423339414461,1.2763939194068,11,12355,1.00963832084627
MinMax,60,402.715020942999,6.22896639236137,284.59549689902,0.108557983688315,0.0662564509550834,0.01641253164065,1.03287179369874,11,12355,1.00963832084627
Corr,10,413.61934758035,35.9672476930759,276.665868873007,0.283791873394144,4.39161449827292,0.0119075696424309,1.21395512050246,11,12355,1.00963832084627
Corr,20,406.795251799167,9.49030025478191,289.494624748935,0.179376644593069,0.422628744998347,0.0339094175542389,1.09659344121626,11,12355,1.00963832084627
Corr,30,404.676224953475,6.88522315155933,287.861648160774,0.149259151706562,0.0321187010074747,0.0280773580657092,1.07289925353888,11,12355,1.00963832084627
Corr,40,404.322904834942,5.91963167759218,288.120599397676,0.109477874748255,0.112626791749599,0.029002183950654,1.09298237873045,11,12355,1.00963832084627
Corr,60,401.282280147276,6.02503253918303,281.933949160753,0.0612107402755708,0.096826839016683,0.00690700360450478,1.02264254833626,11,12355,1.00963832084627
MinMax,10,409.325997059079,24.4056556571752,279.640759866367,0.276834390926928,9.62342225968531,0.00128300160154254,1.32813695853658,12,12356,1.01261832948717
MinMax,20,402.019098128152,14.0652803050864,275.367337356601,0.199956196453592,5.12240924729423,0.0165452248335272,1.3280849944689,12,12356,1.01261832948717
MinMax,30,404.131909867281,8.22979315450925,285.428447985437,0.173528835883869,2.58230768385506,0.0193873130861527,1.33093639039096,12,12356,1.01261832948717
MinMax,40,404.108019690456,6.29217674331994,287.318284042976,0.150820483787081,1.73889181326736,0.0261367275697667,1.27665879479808,12,12356,1.01261832948717
MinMax,60,401.94240496313,2.41836126733642,286.860870064307,0.095932984368342,0.0526770220913676,0.0245031062192168,1.0946726599779,12,12356,1.01261832948717
Corr,10,418.21942093766,40.1462228390956,281.687040441608,0.386325559628922,16.4750591970164,0.00602514330180747,1.18107523686545,12,12356,1.01261832948717
Corr,20,409.577939847136,5.0338565477698,299.516444551886,0.252453144832489,1.19116357506742,0.0697015864811181,1.24272179364607,12,12356,1.01261832948717
Corr,30,402.855034615026,2.78540045627415,288.319090179161,0.175336944247205,0.212443772254111,0.029711035194974,1.02387825253935,12,12356,1.01261832948717
Corr,40,401.48894362786,1.30701734657509,287.065291314529,0.135201141507792,0.431074609572371,0.0252331821120434,1.01557012469502,12,12356,1.01261832948717
Corr,60,398.22352706089,1.07546484607201,280.766010681091,0.0636329331091473,0.53186600082545,0.00273575130366054,1.04217370952474,12,12356,1.01261832948717
MinMax,10,418.470421242644,27.6617005357399,294.673563354931,0.358194872456977,16.0467125414523,0.0524055823660243,1.0733995628153,13,12357,0.899252282789933
MinMax,20,411.103065226668,15.4999715210192,292.1005803377,0.262561803653234,9.431282652928,0.043216357313602,1.32735515991125,13,12357,0.899252282789933
MinMax,30,407.458931965983,6.39337495023187,293.918910387118,0.190046551241505,4.47770647439292,0.0497103931979372,1.01827275975409,13,12357,0.899252282789933
MinMax,40,405.408271835712,3.28503209796202,292.925932978845,0.165102605946485,2.78690871169017,0.046164045314769,1.10167141496103,13,12357,0.899252282789933
MinMax,60,400.341591360596,-1.76027336721484,287.837877493791,0.099853708129047,0.0424909952070874,0.0279924186004648,1.0043497689736,13,12357,0.899252282789933
Corr,10,418.981714394069,33.3388470487553,290.019003144765,0.400617576853133,19.134823177553,0.0357821530605002,1.33862792970184,13,12357,0.899252282789933
Corr,20,401.66912345614,1.19939051699612,287.533277800666,0.216363697576331,1.65241413162098,0.0269045625546719,1.12031030328568,13,12357,0.899252282789933
Corr,30,398.04185336994,-1.11305704521169,282.591185190475,0.157535176255317,0.394547367762162,0.00925423182150468,1.04610367857213,13,12357,0.899252282789933
Corr,40,396.125406728273,-2.46448098504663,280.109715846977,0.107899659804825,0.340566061654819,0.000391841317805883,0.986522554900753,13,12357,0.899252282789933
Corr,60,396.190690981539,-2.73751257630744,280.513315944768,0.060747706877534,0.489082884151998,0.00183327023706019,0.896455739828562,13,12357,0.899252282789933
MinMax,10,391.399746031861,-15.2839808837657,283.477894352871,0.31156036042178,0.562051444372689,0.0124206910412899,1.34267221554584,14,12358,1.14952170872924
MinMax,20,395.466228575256,-22.3061712623639,298.633049818259,0.254782350806497,0.360836973022908,0.0665462270169709,1.33119544960586,14,12358,1.14952170872924
MinMax,30,389.226440321594,-28.7873596499666,292.634661698538,0.197101325572195,0.175124421123944,0.0451234199259107,1.31198892003479,14,12358,1.14952170872924
MinMax,40,384.095493307332,-30.4881345764668,284.073542596514,0.170855680760962,0.126390264219896,0.0145480054402601,1.18541541496566,14,12358,1.14952170872924
MinMax,60,380.307180782953,-34.8781329908289,280.886915962118,0.108051064860302,0.000598856902825322,0.00316720008098944,1.14995871009165,14,12358,1.14952170872924
Corr,10,397.782342446749,-3.32822701636564,284.287333315247,0.428604949711163,0.904632685312676,0.0153115434497839,1.24508588414045,14,12358,1.14952170872924
Corr,20,383.478626012089,-30.8428042500657,283.194477679628,0.233328849489075,0.116227527662012,0.0114084889969918,1.16529617438002,14,12358,1.14952170872924
Corr,30,382.04442292439,-33.2171879481381,282.700455202301,0.197010709420841,0.0481917247528133,0.0096441236343009,1.08406912409621,14,12358,1.14952170872924
Corr,40,384.899798370819,-34.7241898675433,289.918208014564,0.144736549735023,0.00500995693000005,0.0354218030778346,1.32201991229165,14,12358,1.14952170872924
Corr,60,380.588847541031,-35.4943309065396,282.066447393985,0.0906044603065874,0.017057733302198,0.0073798108388132,1.24938328153025,14,12358,1.14952170872924
MinMax,10,396.856991737487,-13.47738865266,292.585793533018,0.316768009983676,0.636498626920666,0.0449493209051905,1.22781656180303,15,12359,1.03476147269347
MinMax,20,400.171504959943,-22.8993980424123,308.636829367683,0.308591541546377,0.382375707517776,0.10227445208373,1.16629836254861,15,12359,1.03476147269347
MinMax,30,390.491677215309,-30.3550776416075,296.732853477608,0.245598712346695,0.181287066283694,0.05976025010488,1.09718267743187,15,12359,1.03476147269347
MinMax,40,388.272777372956,-32.6734526962889,294.613428847584,0.195957078348358,0.118757704149195,0.0521908760040003,1.04319839931649,15,12359,1.03476147269347
MinMax,60,383.050549009311,-37.1192861891045,288.614805613109,0.128902433383472,0.00115176947139421,0.0307672204001518,0.992659422425276,15,12359,1.03476147269347
Corr,10,392.141509967518,-4.97549555141495,274.652936891834,0.419774341003429,0.865804903954262,0.0190965992429482,1.1724460618632,15,12359,1.03476147269347
Corr,20,387.670691050205,-34.2267542176648,294.962557723458,0.233896034018654,0.0768632948998979,0.0534377649159607,1.11042766418859,15,12359,1.03476147269347
Corr,30,383.934352706127,-36.5228069181692,289.785933735806,0.193654102216285,0.0149359934911705,0.034949821071661,1.06935643697264,15,12359,1.03476147269347
Corr,40,381.338838405587,-37.7707176929678,285.842815909526,0.137858654335244,0.0187216602138944,0.020867256620849,1.13798909103307,15,12359,1.03476147269347
Corr,60,379.217850022803,-38.0039140617171,281.834035512706,0.086900519667705,0.0250112466035216,0.00655018297645851,1.02696344281452,15,12359,1.03476147269347
MinMax,10,419.468723823516,33.5663453628687,290.765523689547,0.268613104530206,0.543208109566587,0.0384484831403938,0.943003241295885,16,12360,0.922454493575754
MinMax,20,417.209005009995,28.1904062740048,291.622025151369,0.219152783642519,0.296050049647199,0.0415074174753534,0.920540909817795,16,12360,0.922454493575754
MinMax,30,413.052259297915,25.1530124559241,286.345927545289,0.155604755957441,0.15640628678481,0.0226642083960534,0.915521502138821,16,12360,0.922454493575754
MinMax,40,412.583818690845,24.0065101461474,286.555548640927,0.128593484868696,0.103696000843422,0.0234128552990187,0.922873327908984,16,12360,0.922454493575754
MinMax,60,408.777306801336,21.675100770111,281.273934237943,0.0809826335779202,0.00349022443443965,0.00454994337013863,0.932824977752738,16,12360,0.922454493575754
Corr,10,429.957453813132,50.0008463195188,295.308482712128,0.429328179380865,1.29878202977769,0.0546733396712007,0.967588557587024,16,12360,0.922454493575754
Corr,20,412.43126098256,22.2476830445645,288.009260325939,0.255730941772528,0.0228341668502937,0.028604683666664,0.947648653637437,16,12360,0.922454493575754
Corr,30,411.50593040688,21.3883397502702,287.017942468873,0.190168798760162,0.0166740228653363,0.0250642621204039,1.00770449816256,16,12360,0.922454493575754
Corr,40,410.243108679215,20.6130371504152,285.267601613398,0.130583379743704,0.052318453217529,0.0188130436702842,0.929892067001248,16,12360,0.922454493575754
Corr,60,408.651843302844,20.6936575763541,282.004450434716,0.0703079954100666,0.0486119402277854,0.0071589302500905,0.93663764556098,16,12360,0.922454493575754
MinMax,10,439.348910405201,57.2083046794324,306.883937536353,0.340387113699128,0.455010771946624,0.0960139149149151,1.09205999734226,17,12361,0.919186377941788
MinMax,20,431.071792878624,50.1147075809554,297.423299581676,0.254065033604507,0.27459535415075,0.0622259267734063,1.13640737106122,17,12361,0.919186377941788
MinMax,30,429.340254477853,44.7255684504621,299.349361910628,0.195997958703697,0.137530368038588,0.0691047198782893,1.02295859278416,17,12361,0.919186377941788
MinMax,40,424.256966349079,42.8792502499914,291.029103853549,0.168363740534883,0.090571925812772,0.0393895165364378,1.11856199239228,17,12361,0.919186377941788
MinMax,60,419.386787052439,39.3286267781281,284.839368732134,0.103461700079504,0.000266935520951301,0.0172833226535957,0.944062506054477,17,12361,0.919186377941788
Corr,10,437.307054030342,73.3499332444754,286.658596221592,0.482630795797636,0.86554982865359,0.0237805628117119,1.1051455717542,17,12361,0.919186377941788
Corr,20,420.131759514224,42.3416742164902,283.31626621734,0.237730737562783,0.0768994542395012,0.0118436715481739,1.06790595630456,17,12361,0.919186377941788
Corr,30,416.101628167162,40.2304922127374,277.367185526969,0.174486711535425,0.0232045829404302,0.0094030423396325,1.06432374746992,17,12361,0.919186377941788
Corr,40,416.265717437259,38.813044562879,279.112811717022,0.122432205198306,0.0128461549860153,0.00316866392968002,0.932398003269752,17,12361,0.919186377941788
Corr,60,418.042739305372,38.369428409359,283.110471606769,0.0730328998760509,0.0241288924416697,0.0111086908951896,0.950689647710978,17,12361,0.919186377941788
MinMax,10,413.441687580667,-2.0396877554324,314.317484322151,0.366743518986254,0.912783902742461,0.122562432423165,1.33992677428652,18,12362,1.17176886146532
MinMax,20,403.06564201265,-10.2511054183507,301.776810849034,0.303384253063761,0.561667512695039,0.0777743133385195,1.33629329995704,18,12362,1.17176886146532
MinMax,30,393.045591855897,-17.0829748896015,288.568580006779,0.230359712095965,0.269539960000531,0.0306020608172692,1.29345363502382,18,12362,1.17176886146532
MinMax,40,394.400082856495,-19.0047562866921,293.199343405065,0.199592463654488,0.187365483642578,0.0471405013547642,1.47792512172284,18,12362,1.17176886146532
MinMax,60,384.16289482375,-23.4934375707641,277.213648623647,0.116557911635815,0.00456843486384649,0.00995126513255764,1.20594216405339,18,12362,1.17176886146532
Corr,10,405.318103445457,6.59752956171246,289.433098734585,0.370588406504081,1.28210728744205,0.0336896276704293,1.3907472507992,18,12362,1.17176886146532
Corr,20,395.352075408571,-20.1304206253932,296.228992847918,0.225745009091398,0.139232601449203,0.0579606778247187,1.23649559476532,18,12362,1.17176886146532
Corr,30,392.988419630742,-22.3679570334533,293.73921770032,0.156790641234121,0.0435565880677896,0.0490686238179181,1.14468395203994,18,12362,1.17176886146532
Corr,40,390.024129933125,-23.6490303318925,289.091711603527,0.127272210429472,0.0112215087723432,0.0324703879292321,1.2011957613024,18,12362,1.17176886146532
Corr,60,384.821023801315,-24.1071234245899,279.143592432603,0.0715713452221944,0.0308093557941687,0.00305860874313208,1.17327879417752,18,12362,1.17176886146532
MinMax,10,404.019335729931,-19.7038937223401,313.136986587586,0.35341288269907,0.540098498686856,0.118346383183186,1.06871880098879,19,12363,0.898047235536354
MinMax,20,392.401754280592,-27.9460775400935,298.144007506661,0.306184840546845,0.347720648638571,0.0648000292024059,0.968229283645614,19,12363,0.898047235536354
MinMax,30,382.192397301351,-36.3028796305343,286.082095638619,0.206176162728077,0.152667534684092,0.0217217724340191,0.895908664459383,19,12363,0.898047235536354
MinMax,40,381.232324910109,-38.6266302049791,286.48570143058,0.174286386045817,0.0984297077386129,0.0231632216942605,0.859655221016739,19,12363,0.898047235536354
MinMax,60,375.296207928393,-43.4094438009829,279.396281063152,0.100394114595809,0.01320422534585,0.00215613681773848,0.881504913845428,19,12363,0.898047235536354
Corr,10,390.516354684938,-15.9920189169773,282.419149692236,0.402563773618241,0.62673603438049,0.00863982259610907,1.11154206167955,19,12363,0.898047235536354
Corr,20,375.351152214321,-40.1829594989879,276.279685333012,0.227182576799516,0.062103985069861,0.013286835878965,0.895658858979072,19,12363,0.898047235536354
Corr,30,374.142650246922,-41.9484615812446,275.628183480473,0.186156253364933,0.0208960355324173,0.0156136282146929,0.886620995115904,19,12363,0.898047235536354
Corr,40,375.614563256965,-42.9926228246539,279.616170743968,0.11850670949501,0.00347535675298016,0.00137081652734575,0.868388003620016,19,12363,0.898047235536354
Corr,60,376.611984078458,-43.3833980456764,282.001787607977,0.0544608365262541,0.0125963007327198,0.00714924372040444,0.858639755583184,19,12363,0.898047235536354
MinMax,10,404.139500815173,8.7090405661379,284.964382469592,0.437128150765949,1.47602579410271,0.0177296385929615,1.33367868484935,20,12364,1.18075959818315
MinMax,20,398.45758868752,-1.89169392013343,284.201292700556,0.309257283174921,0.896602261329217,0.0150043187893995,1.35757658928814,20,12364,1.18075959818315
MinMax,30,394.485238615767,-10.6965614208211,285.061460057739,0.245425404241537,0.415338681012395,0.0180763441631253,1.22034600827822,20,12364,1.18075959818315
MinMax,40,392.568934578293,-12.94053579933,283.472826361299,0.219400009272373,0.292685711679691,0.0124026540558831,1.22649032151367,20,12364,1.18075959818315
MinMax,60,390.628386625045,-18.1695955180444,284.820790173517,0.117759524570009,0.00687152972608057,0.0172168091146887,1.18621529683644,20,12364,1.18075959818315
Corr,10,413.909020196694,19.5565195823702,293.655942216401,0.434513977866691,2.06893608927249,0.0487709142894883,1.22983015164963,20,12364,1.18075959818315
Corr,20,395.322742490283,-14.0256821731719,290.06558855912,0.258681372407139,0.233372902145396,0.0359482264209978,1.33398585948081,20,12364,1.18075959818315
Corr,30,391.275809237819,-16.8876363001672,284.833676181188,0.204118256300232,0.0769418951197139,0.0172628305571424,1.271448662747,20,12364,1.18075959818315
Corr,40,387.635009816942,-18.6384381397212,279.302879178988,0.141978699098362,0.0187548500798286,0.00249001007998518,1.23886902132007,20,12364,1.18075959818315
Corr,60,387.573690747539,-19.2507272546034,279.792530155064,0.0834522608446013,0.0522218445115074,0.000741257107423745,1.20807745983093,20,12364,1.18075959818315
