"","Time","daily_mean_wind"
"1",2016-01-01,0.759319858156028
"2",2016-01-02,1.07293404255319
"3",2016-01-03,1.4628219858156
"4",2016-01-04,1.15837730496454
"5",2016-01-05,0.931289361702128
"6",2016-01-06,1.25103262411348
"7",2016-01-07,1.09415531914894
"8",2016-01-08,1.1694475177305
"9",2016-01-09,0.744595744680851
"10",2016-01-10,1.10197517730496
"11",2016-01-11,1.75275106382979
"12",2016-01-12,2.27654468085106
"13",2016-01-13,2.60569219858156
"14",2016-01-14,1.21055035460993
"15",2016-01-15,2.34485177304965
"16",2016-01-16,2.27209219858156
"17",2016-01-17,2.35884184397163
"18",2016-01-18,1.1180170212766
"19",2016-01-19,0.922930496453901
"20",2016-01-20,0.716136170212766
"21",2016-01-21,1.11710780141844
"22",2016-01-22,0.978558156028369
"23",2016-01-23,1.02877517730496
"24",2016-01-24,1.08124539007092
"25",2016-01-25,1.37619716312057
"26",2016-01-26,1.40869432624113
"27",2016-01-27,1.04570567375887
"28",2016-01-28,1.04390212765957
"29",2016-01-29,1.09673120567376
"30",2016-01-30,0.950004964539007
"31",2016-01-31,1.27851134751773
"32",2016-02-01,1.57613404255319
"33",2016-02-02,0.819473758865248
"34",2016-02-03,1.55889645390071
"35",2016-02-04,2.07216808510638
"36",2016-02-05,1.68291205673759
"37",2016-02-06,1.04899503546099
"38",2016-02-07,2.49051914893617
"39",2016-02-08,1.13340141843972
"40",2016-02-09,1.87558794326241
"41",2016-02-10,3.1467865248227
"42",2016-02-11,1.46130354609929
"43",2016-02-12,1.41530780141844
"44",2016-02-13,1.50984397163121
"45",2016-02-14,1.23262411347518
"46",2016-02-15,1.3757
"47",2016-02-16,2.06156453900709
"48",2016-02-17,1.23146737588652
"49",2016-02-18,1.65169645390071
"50",2016-02-19,1.65782127659574
"51",2016-02-20,1.55933120567376
"52",2016-02-21,1.71690709219858
"53",2016-02-22,1.27662056737589
"54",2016-02-23,1.21387446808511
"55",2016-02-24,2.51754680851064
"56",2016-02-25,1.21291134751773
"57",2016-02-26,2.02617446808511
"58",2016-02-27,2.87983829787234
"59",2016-02-28,3.4861914893617
"60",2016-02-29,2.64183475177305
"61",2016-03-01,1.62632056737589
"62",2016-03-02,1.57685390070922
"63",2016-03-03,2.51371276595745
"64",2016-03-04,1.69450141843972
"65",2016-03-05,2.68521843971631
"66",2016-03-06,1.12148936170213
"67",2016-03-07,1.20504113475177
"68",2016-03-08,1.58406666666667
"69",2016-03-09,1.48894893617021
"70",2016-03-10,1.35764893617021
"71",2016-03-11,1.34767872340426
"72",2016-03-12,1.59467446808511
"73",2016-03-13,1.98528368794326
"74",2016-03-14,1.65234539007092
"75",2016-03-15,2.03234113475177
"76",2016-03-16,3.60162836879433
"77",2016-03-17,1.4232304964539
"78",2016-03-18,1.54167943262411
"79",2016-03-19,1.64058368794326
"80",2016-03-20,1.65622695035461
"81",2016-03-21,1.16162907801418
"82",2016-03-22,2.0661390070922
"83",2016-03-23,1.98025035460993
"84",2016-03-24,1.46685460992908
"85",2016-03-25,1.43754609929078
"86",2016-03-26,1.22410638297872
"87",2016-03-27,1.42579787234043
"88",2016-03-28,1.22618794326241
"89",2016-03-29,1.79390070921986
"90",2016-03-30,1.27728865248227
"91",2016-03-31,1.37619361702128
"92",2016-04-01,1.26802411347518
"93",2016-04-02,1.92849219858156
"94",2016-04-03,1.2461914893617
"95",2016-04-04,1.74415957446809
"96",2016-04-05,1.51240425531915
"97",2016-04-06,1.09774680851064
"98",2016-04-07,1.77431843971631
"99",2016-04-08,1.39470070921986
"100",2016-04-09,1.31058936170213
"101",2016-04-10,1.3983
"102",2016-04-11,1.73676808510638
"103",2016-04-12,1.61762907801418
"104",2016-04-13,1.31351063829787
"105",2016-04-14,1.70820567375887
"106",2016-04-15,1.47609574468085
"107",2016-04-16,1.49207446808511
"108",2016-04-17,2.32965035460993
"109",2016-04-18,1.76236312056738
"110",2016-04-19,1.76296808510638
"111",2016-04-20,2.08902482269504
"112",2016-04-21,1.51034609929078
"113",2016-04-22,1.56659929078014
"114",2016-04-23,1.02741063829787
"115",2016-04-24,2.60120709219858
"116",2016-04-25,2.00350425531915
"117",2016-04-26,1.64648226950355
"118",2016-04-27,2.5872914893617
"119",2016-04-28,2.29550425531915
"120",2016-04-29,1.77522056737589
"121",2016-04-30,1.76809361702128
"122",2016-05-01,2.0018
"123",2016-05-02,1.71896382978723
"124",2016-05-03,2.08244893617021
"125",2016-05-04,1.88969716312057
"126",2016-05-05,2.11713687943262
"127",2016-05-06,1.26763829787234
"128",2016-05-07,1.15478794326241
"129",2016-05-08,1.61241418439716
"130",2016-05-09,1.0115829787234
"131",2016-05-10,1.11502056737589
"132",2016-05-11,2.4651170212766
"133",2016-05-12,1.29616879432624
"134",2016-05-13,1.35211134751773
"135",2016-05-14,1.46796028368794
"136",2016-05-15,1.86051560283688
"137",2016-05-16,1.8760780141844
"138",2016-05-17,1.30314113475177
"139",2016-05-18,1.3527524822695
"140",2016-05-19,2.06865035460993
"141",2016-05-20,1.44114184397163
"142",2016-05-21,1.23200780141844
"143",2016-05-22,1.40889716312057
"144",2016-05-23,1.92893475177305
"145",2016-05-24,1.9643829787234
"146",2016-05-25,1.71651134751773
"147",2016-05-26,1.10484893617021
"148",2016-05-27,1.15950212765957
"149",2016-05-28,1.22975390070922
"150",2016-05-29,1.11548936170213
"151",2016-05-30,1.32065035460993
"152",2016-05-31,1.48358439716312
"153",2016-06-01,1.15916879432624
"154",2016-06-02,0.868870212765957
"155",2016-06-03,0.948551773049645
"156",2016-06-04,0.983958865248227
"157",2016-06-05,1.25155390070922
"158",2016-06-06,1.00640425531915
"159",2016-06-07,1.01790354609929
"160",2016-06-08,1.08885106382979
"161",2016-06-09,1.18573120567376
"162",2016-06-10,1.20585390070922
"163",2016-06-11,1.39824113475177
"164",2016-06-12,1.04634964539007
"165",2016-06-13,1.07621489361702
"166",2016-06-14,1.36858865248227
"167",2016-06-15,1.53910780141844
"168",2016-06-16,2.72572907801418
"169",2016-06-17,2.06123262411348
"170",2016-06-18,1.19436879432624
"171",2016-06-19,1.35535460992908
"172",2016-06-20,1.6920780141844
"173",2016-06-21,1.1055609929078
"174",2016-06-22,1.11791134751773
"175",2016-06-23,1.30544042553191
"176",2016-06-24,1.12251205673759
"177",2016-06-25,1.35023333333333
"178",2016-06-26,1.49364893617021
"179",2016-06-27,1.65205035460993
"180",2016-06-28,1.65456595744681
"181",2016-06-29,1.41132482269504
"182",2016-06-30,1.09460780141844
"183",2016-07-01,1.00148723404255
"184",2016-07-02,1.25906028368794
"185",2016-07-03,2.00889078014184
"186",2016-07-04,2.22177304964539
"187",2016-07-05,1.08474113475177
"188",2016-07-06,1.13038014184397
"189",2016-07-07,2.1272524822695
"190",2016-07-08,1.3436609929078
"191",2016-07-09,1.12909787234043
"192",2016-07-10,1.24750709219858
"193",2016-07-11,1.20193687943262
"194",2016-07-12,1.48650283687943
"195",2016-07-13,2.08244964539007
"196",2016-07-14,2.56754042553191
"197",2016-07-15,2.11155319148936
"198",2016-07-16,1.47460567375887
"199",2016-07-17,1.47988936170213
"200",2016-07-18,1.46972836879433
"201",2016-07-19,1.09796595744681
"202",2016-07-20,1.20476808510638
"203",2016-07-21,1.24385815602837
"204",2016-07-22,1.36009858156028
"205",2016-07-23,1.22947872340426
"206",2016-07-24,1.32169645390071
"207",2016-07-25,1.19327517730496
"208",2016-07-26,1.17410283687943
"209",2016-07-27,1.08981985815603
"210",2016-07-28,1.1785829787234
"211",2016-07-29,1.11033191489362
"212",2016-07-30,1.13633404255319
"213",2016-07-31,1.32341560283688
"214",2016-08-01,1.59755390070922
"215",2016-08-02,1.3811914893617
"216",2016-08-03,1.22792836879433
"217",2016-08-04,1.37788226950355
"218",2016-08-05,2.18921914893617
"219",2016-08-06,1.4325780141844
"220",2016-08-07,1.54950141843972
"221",2016-08-08,1.24501063829787
"222",2016-08-09,1.38950921985816
"223",2016-08-10,2.02925957446809
"224",2016-08-11,1.73651276595745
"225",2016-08-12,1.52625390070922
"226",2016-08-13,1.27295035460993
"227",2016-08-14,0.991563120567376
"228",2016-08-15,1.09607588652482
"229",2016-08-16,1.2294304964539
"230",2016-08-17,1.72327234042553
"231",2016-08-18,1.20089219858156
"232",2016-08-19,1.17005602836879
"233",2016-08-20,1.44062269503546
"234",2016-08-21,1.40278936170213
"235",2016-08-22,1.61638723404255
"236",2016-08-23,1.44451843971631
"237",2016-08-24,1.60426879432624
"238",2016-08-25,1.71944893617021
"239",2016-08-26,1.54569361702128
"240",2016-08-27,1.17164609929078
"241",2016-08-28,1.12043333333333
"242",2016-08-29,1.21842269503546
"243",2016-08-30,1.60341489361702
"244",2016-08-31,1.27039432624113
"245",2016-09-01,1.00657234042553
"246",2016-09-02,1.14165815602837
"247",2016-09-03,1.09170496453901
"248",2016-09-04,1.14043829787234
"249",2016-09-05,2.20968226950355
"250",2016-09-06,1.83327517730496
"251",2016-09-07,2.03646808510638
"252",2016-09-08,1.29688865248227
"253",2016-09-09,1.39284326241135
"254",2016-09-10,1.36563617021277
"255",2016-09-11,1.3512524822695
"256",2016-09-12,1.30627163120567
"257",2016-09-13,1.0857219858156
"258",2016-09-14,1.08012695035461
"259",2016-09-15,1.80207446808511
"260",2016-09-16,1.20053546099291
"261",2016-09-17,1.36979007092199
"262",2016-09-18,1.00514539007092
"263",2016-09-19,1.47951276595745
"264",2016-09-20,1.56183404255319
"265",2016-09-21,1.94306808510638
"266",2016-09-22,1.29881631205674
"267",2016-09-23,1.01727163120567
"268",2016-09-24,1.3034
"269",2016-09-25,0.96136524822695
"270",2016-09-26,1.3622475177305
"271",2016-09-27,1.14268226950355
"272",2016-09-28,1.04462127659574
"273",2016-09-29,1.09784964539007
"274",2016-09-30,1.28987092198582
"275",2016-10-01,1.16257943262411
"276",2016-10-02,0.932499290780142
"277",2016-10-03,1.86102907801418
"278",2016-10-04,1.38023758865248
"279",2016-10-05,2.86051418439716
"280",2016-10-06,1.71361418439716
"281",2016-10-07,1.19907588652482
"282",2016-10-08,1.72150354609929
"283",2016-10-09,2.19773687943262
"284",2016-10-10,1.73380141843972
"285",2016-10-11,1.42929290780142
"286",2016-10-12,1.18223191489362
"287",2016-10-13,1.73583404255319
"288",2016-10-14,2.58082836879433
"289",2016-10-15,1.44126737588652
"290",2016-10-16,1.08783475177305
"291",2016-10-17,0.856868794326241
"292",2016-10-18,1.13845957446809
"293",2016-10-19,1.19840425531915
"294",2016-10-20,1.37040283687943
"295",2016-10-21,1.07169858156028
"296",2016-10-22,1.39559290780142
"297",2016-10-23,1.16466170212766
"298",2016-10-24,0.696702127659575
"299",2016-10-25,0.794321276595745
"300",2016-10-26,1.18187163120567
"301",2016-10-27,1.5270390070922
"302",2016-10-28,1.24729645390071
"303",2016-10-29,1.0011780141844
"304",2016-10-30,1.08429007092199
"305",2016-10-31,1.32140638297872
"306",2016-11-01,0.86388865248227
"307",2016-11-02,0.96884609929078
"308",2016-11-03,1.91951418439716
"309",2016-11-04,1.21856382978723
"310",2016-11-05,1.34255390070922
"311",2016-11-06,1.37225815602837
"312",2016-11-07,1.54240070921986
"313",2016-11-08,1.19771489361702
"314",2016-11-09,1.11470212765957
"315",2016-11-10,1.15991276595745
"316",2016-11-11,1.71717446808511
"317",2016-11-12,1.8011695035461
"318",2016-11-13,1.43789219858156
"319",2016-11-14,1.71195673758865
"320",2016-11-15,1.18496595744681
"321",2016-11-16,0.838514184397163
"322",2016-11-17,0.871286524822695
"323",2016-11-18,0.734895744680851
"324",2016-11-19,1.00341773049645
"325",2016-11-20,1.08529432624113
"326",2016-11-21,2.11749503546099
"327",2016-11-22,1.79849929078014
"328",2016-11-23,1.83589078014184
"329",2016-11-24,2.75344822695035
"330",2016-11-25,2.21962836879433
"331",2016-11-26,1.24323191489362
"332",2016-11-27,1.15396028368794
"333",2016-11-28,2.3259609929078
"334",2016-11-29,1.86911489361702
"335",2016-11-30,1.2239304964539
"336",2016-12-01,1.7136134751773
"337",2016-12-02,1.93045531914894
"338",2016-12-03,1.25310283687943
"339",2016-12-04,0.896703546099291
"340",2016-12-05,0.810209929078014
"341",2016-12-06,0.887679432624114
"342",2016-12-07,0.939624113475177
"343",2016-12-08,0.993301418439716
"344",2016-12-09,0.938500709219858
"345",2016-12-10,0.940636879432624
"346",2016-12-11,1.03202411347518
"347",2016-12-12,1.00507375886525
"348",2016-12-13,0.901848936170213
"349",2016-12-14,0.904401418439716
"350",2016-12-15,0.734032624113475
"351",2016-12-16,0.978568794326241
"352",2016-12-17,1.0930695035461
"353",2016-12-18,0.939570212765957
"354",2016-12-19,1.65453829787234
"355",2016-12-20,2.0132475177305
"356",2016-12-21,1.24449503546099
"357",2016-12-22,1.03892836879433
"358",2016-12-23,1.11252340425532
"359",2016-12-24,1.3534390070922
"360",2016-12-25,1.32624822695035
"361",2016-12-26,1.37035106382979
"362",2016-12-27,1.96383333333333
"363",2016-12-28,1.69569290780142
"364",2016-12-29,1.83449787234043
"365",2016-12-30,0.842376595744681
"366",2016-12-31,1.03506808510638
"367",2017-01-01,0.993160992907801
"368",2017-01-02,1.00051631205674
"369",2017-01-03,1.35633191489362
"370",2017-01-04,1.98175815602837
"371",2017-01-05,2.80494326241135
"372",2017-01-06,1.55969432624113
"373",2017-01-07,1.34049432624113
"374",2017-01-08,1.12702553191489
"375",2017-01-09,1.19659007092199
"376",2017-01-10,1.88346170212766
"377",2017-01-11,1.43693262411348
"378",2017-01-12,1.54308226950355
"379",2017-01-13,2.44250638297872
"380",2017-01-14,2.25231347517731
"381",2017-01-15,1.73694255319149
"382",2017-01-16,2.08791276595745
"383",2017-01-17,2.51127659574468
"384",2017-01-18,1.71782765957447
"385",2017-01-19,1.46019787234043
"386",2017-01-20,1.03334964539007
"387",2017-01-21,1.06037021276596
"388",2017-01-22,1.2421085106383
"389",2017-01-23,1.19063333333333
"390",2017-01-24,1.35289716312057
"391",2017-01-25,1.35877021276596
"392",2017-01-26,1.69541843971631
"393",2017-01-27,0.824183687943262
"394",2017-01-28,0.920342553191489
"395",2017-01-29,0.983953191489362
"396",2017-01-30,0.909648936170213
"397",2017-01-31,0.747950354609929
"398",2017-02-01,0.752642553191489
"399",2017-02-02,0.970091489361702
"400",2017-02-03,1.38133120567376
"401",2017-02-04,1.31927304964539
"402",2017-02-05,2.02276170212766
"403",2017-02-06,1.7069134751773
"404",2017-02-07,1.49297943262411
"405",2017-02-08,1.87576666666667
"406",2017-02-09,1.57053404255319
"407",2017-02-10,1.07767304964539
"408",2017-02-11,0.772887943262411
"409",2017-02-12,0.990541843971631
"410",2017-02-13,1.50375602836879
"411",2017-02-14,1.07739787234043
"412",2017-02-15,1.38915035460993
"413",2017-02-16,1.24716453900709
"414",2017-02-17,1.31059219858156
"415",2017-02-18,1.14212553191489
"416",2017-02-19,1.05531631205674
"417",2017-02-20,0.954734042553191
"418",2017-02-21,1.62551418439716
"419",2017-02-22,1.24631205673759
"420",2017-02-23,1.2232
"421",2017-02-24,1.48580496453901
"422",2017-02-25,1.83729716312057
"423",2017-02-26,1.12625531914894
"424",2017-02-27,1.24775035460993
"425",2017-02-28,2.22217659574468
"426",2017-03-01,2.30046170212766
"427",2017-03-02,1.18393120567376
"428",2017-03-03,1.57681985815603
"429",2017-03-04,2.88514964539007
"430",2017-03-05,1.63051205673759
"431",2017-03-06,1.64527092198582
"432",2017-03-07,2.69920567375887
"433",2017-03-08,1.44968439716312
"434",2017-03-09,1.29264893617021
"435",2017-03-10,2.1807304964539
"436",2017-03-11,1.77494893617021
"437",2017-03-12,1.75034397163121
"438",2017-03-13,1.38740354609929
"439",2017-03-14,1.10770638297872
"440",2017-03-15,1.49747659574468
"441",2017-03-16,1.06798936170213
"442",2017-03-17,1.68522836879433
"443",2017-03-18,2.39346241134752
"444",2017-03-19,1.63284042553191
"445",2017-03-20,1.12630283687943
"446",2017-03-21,1.2763780141844
"447",2017-03-22,1.90835602836879
"448",2017-03-23,1.99647872340426
"449",2017-03-24,1.40731773049645
"450",2017-03-25,1.41987163120567
"451",2017-03-26,2.04082269503546
"452",2017-03-27,1.42398014184397
"453",2017-03-28,1.15640496453901
"454",2017-03-29,1.32908439716312
"455",2017-03-30,1.22168936170213
"456",2017-03-31,1.27306453900709
"457",2017-04-01,1.32031773049645
"458",2017-04-02,2.17109716312057
"459",2017-04-03,1.75307446808511
"460",2017-04-04,1.48663262411348
"461",2017-04-05,1.76618723404255
"462",2017-04-06,1.43555177304965
"463",2017-04-07,1.46235106382979
"464",2017-04-08,1.1705609929078
"465",2017-04-09,1.16718439716312
"466",2017-04-10,1.24880992907801
"467",2017-04-11,1.51193262411348
"468",2017-04-12,1.5305524822695
"469",2017-04-13,2.01447446808511
"470",2017-04-14,1.31222482269504
"471",2017-04-15,1.13508865248227
"472",2017-04-16,2.01457730496454
"473",2017-04-17,1.85492907801418
"474",2017-04-18,2.75251985815603
"475",2017-04-19,2.75601063829787
"476",2017-04-20,1.84619432624113
"477",2017-04-21,1.49450070921986
"478",2017-04-22,1.64873475177305
"479",2017-04-23,1.72244397163121
"480",2017-04-24,1.38784184397163
"481",2017-04-25,1.74994893617021
"482",2017-04-26,2.25305957446809
"483",2017-04-27,1.20643120567376
"484",2017-04-28,2.57282978723404
"485",2017-04-29,1.66874964539007
"486",2017-04-30,1.75171631205674
"487",2017-05-01,2.12648510638298
"488",2017-05-02,1.45418014184397
"489",2017-05-03,1.21192553191489
"490",2017-05-04,1.00923758865248
"491",2017-05-05,1.31277517730496
"492",2017-05-06,2.19364468085106
"493",2017-05-07,1.76442482269504
"494",2017-05-08,1.59151914893617
"495",2017-05-09,1.74701276595745
"496",2017-05-10,2.20031063829787
"497",2017-05-11,2.33237304964539
"498",2017-05-12,1.30679929078014
"499",2017-05-13,1.7917170212766
"500",2017-05-14,1.51521773049645
"501",2017-05-15,1.47013262411348
"502",2017-05-16,1.27387446808511
"503",2017-05-17,1.59300425531915
"504",2017-05-18,1.87250496453901
"505",2017-05-19,1.98112411347518
"506",2017-05-20,1.51413546099291
"507",2017-05-21,1.35319007092199
"508",2017-05-22,1.20813191489362
"509",2017-05-23,1.39952836879433
"510",2017-05-24,1.57019858156028
"511",2017-05-25,2.53130567375887
"512",2017-05-26,1.70239503546099
"513",2017-05-27,1.34198439716312
"514",2017-05-28,1.41233404255319
"515",2017-05-29,1.37428014184397
"516",2017-05-30,1.57792695035461
"517",2017-05-31,1.72634609929078
"518",2017-06-01,1.6777
"519",2017-06-02,1.42797375886525
"520",2017-06-03,1.69987021276596
"521",2017-06-04,1.39630212765957
"522",2017-06-05,1.67109290780142
"523",2017-06-06,1.71028581560284
"524",2017-06-07,1.86399007092199
"525",2017-06-08,2.0064085106383
"526",2017-06-09,1.19428014184397
"527",2017-06-10,1.34334397163121
"528",2017-06-11,1.90899078014184
"529",2017-06-12,1.32490780141844
"530",2017-06-13,1.20163546099291
"531",2017-06-14,1.41632127659574
"532",2017-06-15,1.17327517730496
"533",2017-06-16,1.50192978723404
"534",2017-06-17,2.19940354609929
"535",2017-06-18,2.55807730496454
"536",2017-06-19,1.4316780141844
"537",2017-06-20,1.3498170212766
"538",2017-06-21,1.48682553191489
"539",2017-06-22,1.56642340425532
"540",2017-06-23,2.5098304964539
"541",2017-06-24,1.48357163120567
"542",2017-06-25,1.2060609929078
"543",2017-06-26,1.49388156028369
"544",2017-06-27,1.51634468085106
"545",2017-06-28,1.91673333333333
"546",2017-06-29,1.96399007092199
"547",2017-06-30,1.68093191489362
"548",2017-07-01,1.30881560283688
"549",2017-07-02,1.2827524822695
"550",2017-07-03,1.27766241134752
"551",2017-07-04,1.63055106382979
"552",2017-07-05,1.12570283687943
"553",2017-07-06,1.1439
"554",2017-07-07,1.43439219858156
"555",2017-07-08,1.1473609929078
"556",2017-07-09,1.41319645390071
"557",2017-07-10,1.70253617021277
"558",2017-07-11,1.64867163120567
"559",2017-07-12,1.2726
"560",2017-07-13,2.10600496453901
"561",2017-07-14,2.25350212765957
"562",2017-07-15,1.68909645390071
"563",2017-07-16,2.1575304964539
"564",2017-07-17,1.42544468085106
"565",2017-07-18,1.33948510638298
"566",2017-07-19,1.3093219858156
"567",2017-07-20,1.47322553191489
"568",2017-07-21,1.47810070921986
"569",2017-07-22,1.33631134751773
"570",2017-07-23,1.75747163120567
"571",2017-07-24,1.63869787234043
"572",2017-07-25,2.04238156028369
"573",2017-07-26,2.12007304964539
"574",2017-07-27,1.25155744680851
"575",2017-07-28,1.11239929078014
"576",2017-07-29,1.43396524822695
"577",2017-07-30,1.11528014184397
"578",2017-07-31,1.18837234042553
"579",2017-08-01,1.33205673758865
"580",2017-08-02,1.49862482269504
"581",2017-08-03,1.23819007092199
"582",2017-08-04,1.46507304964539
"583",2017-08-05,1.3057914893617
"584",2017-08-06,2.13154539007092
"585",2017-08-07,2.45946808510638
"586",2017-08-08,2.04230921985816
"587",2017-08-09,1.95603546099291
"588",2017-08-10,1.62239787234043
"589",2017-08-11,1.40939290780142
"590",2017-08-12,1.59281773049645
"591",2017-08-13,1.28967021276596
"592",2017-08-14,1.56965319148936
"593",2017-08-15,1.22189574468085
"594",2017-08-16,1.22000070921986
"595",2017-08-17,1.48122836879433
"596",2017-08-18,1.55705744680851
"597",2017-08-19,1.34976666666667
"598",2017-08-20,1.80692695035461
"599",2017-08-21,1.89663687943262
"600",2017-08-22,1.61437234042553
"601",2017-08-23,1.43589290780142
"602",2017-08-24,1.21145815602837
"603",2017-08-25,1.09560992907801
"604",2017-08-26,1.10500567375887
"605",2017-08-27,1.33586382978723
"606",2017-08-28,1.63565460992908
"607",2017-08-29,1.92896595744681
"608",2017-08-30,1.44909574468085
"609",2017-08-31,1.60963333333333
"610",2017-09-01,1.58113829787234
"611",2017-09-02,2.2855085106383
"612",2017-09-03,1.53971418439716
"613",2017-09-04,1.23658085106383
"614",2017-09-05,1.16917021276596
"615",2017-09-06,0.94136170212766
"616",2017-09-07,1.56247375886525
"617",2017-09-08,1.69108723404255
"618",2017-09-09,2.40491631205674
"619",2017-09-10,2.40216595744681
"620",2017-09-11,1.17132482269504
"621",2017-09-12,1.77731985815603
"622",2017-09-13,1.28906666666667
"623",2017-09-14,1.6582865248227
"624",2017-09-15,2.07192907801418
"625",2017-09-16,0.974985106382979
"626",2017-09-17,1.4350914893617
"627",2017-09-18,1.05992907801418
"628",2017-09-19,1.49128014184397
"629",2017-09-20,1.52082695035461
"630",2017-09-21,1.13476312056738
"631",2017-09-22,1.02852695035461
"632",2017-09-23,1.01173404255319
"633",2017-09-24,1.33826879432624
"634",2017-09-25,1.58251134751773
"635",2017-09-26,1.33373971631206
"636",2017-09-27,1.14477659574468
"637",2017-09-28,1.21579007092199
"638",2017-09-29,1.35527517730496
"639",2017-09-30,1.61804113475177
"640",2017-10-01,1.55284042553191
"641",2017-10-02,0.880783687943262
"642",2017-10-03,0.961158865248227
"643",2017-10-04,1.06544893617021
"644",2017-10-05,1.68555957446809
"645",2017-10-06,2.42439929078014
"646",2017-10-07,1.3854914893617
"647",2017-10-08,1.12040709219858
"648",2017-10-09,1.08927730496454
"649",2017-10-10,1.17666808510638
"650",2017-10-11,1.09519787234043
"651",2017-10-12,1.1534390070922
"652",2017-10-13,0.92173475177305
"653",2017-10-14,1.01211205673759
"654",2017-10-15,1.0226
"655",2017-10-16,1.12775602836879
"656",2017-10-17,1.03552340425532
"657",2017-10-18,0.999936170212766
"658",2017-10-19,0.95558085106383
"659",2017-10-20,1.01937163120567
"660",2017-10-21,0.903124822695035
"661",2017-10-22,1.62400992907801
"662",2017-10-23,2.5183914893617
"663",2017-10-24,1.53517659574468
"664",2017-10-25,1.27930070921986
"665",2017-10-26,1.08968794326241
"666",2017-10-27,2.10474893617021
"667",2017-10-28,1.47420354609929
"668",2017-10-29,2.82448510638298
"669",2017-10-30,2.15516595744681
"670",2017-10-31,1.29489361702128
"671",2017-11-01,0.964831914893617
"672",2017-11-02,1.08212127659574
"673",2017-11-03,1.19256453900709
"674",2017-11-04,0.971258865248227
"675",2017-11-05,2.86180780141844
"676",2017-11-06,2.09349716312057
"677",2017-11-07,1.76948156028369
"678",2017-11-08,1.03545886524823
"679",2017-11-09,1.14432978723404
"680",2017-11-10,1.15924184397163
"681",2017-11-11,0.966450354609929
"682",2017-11-12,1.24304609929078
"683",2017-11-13,2.71060212765957
"684",2017-11-14,1.53142269503546
"685",2017-11-15,1.24281418439716
"686",2017-11-16,1.2209085106383
"687",2017-11-17,1.20394397163121
"688",2017-11-18,1.02914539007092
"689",2017-11-19,1.50187659574468
"690",2017-11-20,1.10243829787234
"691",2017-11-21,1.15810921985816
"692",2017-11-22,0.916470212765957
"693",2017-11-23,1.06846808510638
"694",2017-11-24,0.783202127659574
"695",2017-11-25,1.36230283687943
"696",2017-11-26,2.37990212765957
"697",2017-11-27,1.36055673758865
"698",2017-11-28,1.0059865248227
"699",2017-11-29,0.931443262411348
"700",2017-11-30,1.94957163120567
"701",2017-12-01,1.70498368794326
"702",2017-12-02,2.14078723404255
"703",2017-12-03,1.24135602836879
"704",2017-12-04,1.53017021276596
"705",2017-12-05,1.14324609929078
"706",2017-12-06,1.55635531914894
"707",2017-12-07,1.14595531914894
"708",2017-12-08,1.33801914893617
"709",2017-12-09,2.41557092198582
"710",2017-12-10,1.20275460992908
"711",2017-12-11,1.58606453900709
"712",2017-12-12,1.22762127659574
"713",2017-12-13,1.35895673758865
"714",2017-12-14,1.2339914893617
"715",2017-12-15,1.48228014184397
"716",2017-12-16,1.74306170212766
"717",2017-12-17,1.99535319148936
"718",2017-12-18,1.16424964539007
"719",2017-12-19,1.08203333333333
"720",2017-12-20,1.10372056737589
"721",2017-12-21,0.971295744680851
"722",2017-12-22,1.1738609929078
"723",2017-12-23,1.22827872340426
"724",2017-12-24,1.56510141843972
"725",2017-12-25,1.18130425531915
"726",2017-12-26,1.19678156028369
"727",2017-12-27,2.03606453900709
"728",2017-12-28,2.48618865248227
"729",2017-12-29,1.64909219858156
"730",2017-12-30,1.09842411347518
"731",2017-12-31,0.992164539007092
"732",2018-01-01,1.29193262411348
"733",2018-01-02,2.13770992907801
"734",2018-01-03,1.58427872340426
"735",2018-01-04,1.34225035460993
"736",2018-01-05,1.10841276595745
"737",2018-01-06,1.00966453900709
"738",2018-01-07,1.98309007092199
"739",2018-01-08,3.24120780141844
"740",2018-01-09,2.5384609929078
"741",2018-01-10,1.0086865248227
"742",2018-01-11,1.19168794326241
"743",2018-01-12,1.26044113475177
"744",2018-01-13,1.32963262411348
"745",2018-01-14,1.06877021276596
"746",2018-01-15,0.975182978723404
"747",2018-01-16,1.11132411347518
"748",2018-01-17,2.49910141843972
"749",2018-01-18,1.66091063829787
"750",2018-01-19,1.48806170212766
"751",2018-01-20,1.29943191489362
"752",2018-01-21,1.97520992907801
"753",2018-01-22,1.2569914893617
"754",2018-01-23,1.41958936170213
"755",2018-01-24,1.05982978723404
"756",2018-01-25,1.01362056737589
"757",2018-01-26,1.38279858156028
"758",2018-01-27,1.31270070921986
"759",2018-01-28,0.968023404255319
"760",2018-01-29,1.1713085106383
"761",2018-01-30,1.19472269503546
"762",2018-01-31,0.931675886524823
"763",2018-02-01,1.48628156028369
"764",2018-02-02,1.41042411347518
"765",2018-02-03,1.50564042553191
"766",2018-02-04,1.35562624113475
"767",2018-02-05,2.00566453900709
"768",2018-02-06,1.84807234042553
"769",2018-02-07,1.18685106382979
"770",2018-02-08,1.02101773049645
"771",2018-02-09,1.02616241134752
"772",2018-02-10,1.19624964539007
"773",2018-02-11,1.32578652482269
"774",2018-02-12,1.46932411347518
"775",2018-02-13,1.47374255319149
"776",2018-02-14,1.15850992907801
"777",2018-02-15,1.12747872340426
"778",2018-02-16,1.18960921985816
"779",2018-02-17,0.877140425531915
"780",2018-02-18,1.61120283687943
"781",2018-02-19,1.48655673758865
"782",2018-02-20,1.32892411347518
"783",2018-02-21,1.34403829787234
"784",2018-02-22,1.69819574468085
"785",2018-02-23,1.50324184397163
"786",2018-02-24,1.84845886524823
"787",2018-02-25,3.46267872340426
"788",2018-02-26,2.03056453900709
"789",2018-02-27,1.22049078014184
"790",2018-02-28,1.71926312056738
"791",2018-03-01,1.82338439716312
"792",2018-03-02,1.08825460992908
"793",2018-03-03,1.45158439716312
"794",2018-03-04,1.05840496453901
"795",2018-03-05,0.941784397163121
"796",2018-03-06,0.911543971631206
"797",2018-03-07,1.17805531914894
"798",2018-03-08,1.45886028368794
"799",2018-03-09,1.25674255319149
"800",2018-03-10,1.00854964539007
"801",2018-03-11,1.76274326241135
"802",2018-03-12,1.13471205673759
"803",2018-03-13,1.21568226950355
"804",2018-03-14,1.33681134751773
"805",2018-03-15,2.3013780141844
"806",2018-03-16,1.58518014184397
"807",2018-03-17,1.54914397163121
"808",2018-03-18,2.46871276595745
"809",2018-03-19,1.80282411347518
"810",2018-03-20,1.84963546099291
"811",2018-03-21,1.9803829787234
"812",2018-03-22,1.30886170212766
"813",2018-03-23,1.41285744680851
"814",2018-03-24,1.60336241134752
"815",2018-03-25,1.32546879432624
"816",2018-03-26,1.17765957446809
"817",2018-03-27,1.25745673758865
"818",2018-03-28,1.22434042553191
"819",2018-03-29,1.33423262411348
"820",2018-03-30,2.41607588652482
"821",2018-03-31,1.94159503546099
"822",2018-04-01,2.47434184397163
"823",2018-04-02,1.4810219858156
"824",2018-04-03,1.35056737588652
"825",2018-04-04,1.84675531914894
"826",2018-04-05,1.46583687943262
"827",2018-04-06,1.34980425531915
"828",2018-04-07,1.5001304964539
"829",2018-04-08,1.86359503546099
"830",2018-04-09,1.39684609929078
"831",2018-04-10,1.49901134751773
"832",2018-04-11,2.19806595744681
"833",2018-04-12,2.1527085106383
"834",2018-04-13,1.19699219858156
"835",2018-04-14,1.45504184397163
"836",2018-04-15,1.73305815602837
"837",2018-04-16,1.30290425531915
"838",2018-04-17,1.49957872340426
"839",2018-04-18,1.42370425531915
"840",2018-04-19,1.45207659574468
"841",2018-04-20,1.29889645390071
"842",2018-04-21,1.30147659574468
"843",2018-04-22,1.3140475177305
"844",2018-04-23,1.29284042553191
"845",2018-04-24,1.32807375886525
"846",2018-04-25,1.6230524822695
"847",2018-04-26,1.52300212765957
"848",2018-04-27,2.43335815602837
"849",2018-04-28,1.34117163120567
"850",2018-04-29,1.95031205673759
"851",2018-04-30,2.53835177304965
"852",2018-05-01,1.36957092198582
"853",2018-05-02,1.88500212765957
"854",2018-05-03,1.84611560283688
"855",2018-05-04,1.74817092198582
"856",2018-05-05,1.38267375886525
"857",2018-05-06,1.49976666666667
"858",2018-05-07,1.37240070921986
"859",2018-05-08,1.50592624113475
"860",2018-05-09,1.34638581560284
"861",2018-05-10,1.00823687943262
"862",2018-05-11,1.26512553191489
"863",2018-05-12,1.13524609929078
"864",2018-05-13,1.21845035460993
"865",2018-05-14,1.80774822695035
"866",2018-05-15,1.67654255319149
"867",2018-05-16,1.17714184397163
"868",2018-05-17,1.13470496453901
"869",2018-05-18,1.10004397163121
"870",2018-05-19,1.29070070921986
"871",2018-05-20,1.71433829787234
"872",2018-05-21,1.4792304964539
"873",2018-05-22,1.04060638297872
"874",2018-05-23,0.866473758865248
"875",2018-05-24,1.1618780141844
"876",2018-05-25,1.22658794326241
"877",2018-05-26,1.23496595744681
"878",2018-05-27,1.2347695035461
"879",2018-05-28,1.09421985815603
"880",2018-05-29,0.838482269503546
"881",2018-05-30,1.00851347517731
"882",2018-05-31,1.53184326241135
"883",2018-06-01,1.90191631205674
"884",2018-06-02,1.4261695035461
"885",2018-06-03,0.992304255319149
"886",2018-06-04,1.05453758865248
"887",2018-06-05,1.48949432624113
"888",2018-06-06,1.4659914893617
"889",2018-06-07,1.24780283687943
"890",2018-06-08,1.16769574468085
"891",2018-06-09,1.98148723404255
"892",2018-06-10,1.67171843971631
"893",2018-06-11,1.3042134751773
"894",2018-06-12,1.35047234042553
"895",2018-06-13,1.45821560283688
"896",2018-06-14,1.51644893617021
"897",2018-06-15,1.63428865248227
"898",2018-06-16,1.1862780141844
"899",2018-06-17,0.984417730496454
"900",2018-06-18,1.11319290780142
"901",2018-06-19,1.38862411347518
"902",2018-06-20,1.3523780141844
"903",2018-06-21,1.48791489361702
"904",2018-06-22,2.41186595744681
"905",2018-06-23,2.14569078014184
"906",2018-06-24,1.36122340425532
"907",2018-06-25,1.93345319148936
"908",2018-06-26,1.33177163120567
"909",2018-06-27,1.69927375886525
"910",2018-06-28,1.43255744680851
"911",2018-06-29,1.60299361702128
"912",2018-06-30,1.70279716312057
"913",2018-07-01,2.11962340425532
"914",2018-07-02,1.58297730496454
"915",2018-07-03,1.09097517730496
"916",2018-07-04,1.22602695035461
"917",2018-07-05,1.23927659574468
"918",2018-07-06,1.26336524822695
"919",2018-07-07,1.14836312056738
"920",2018-07-08,1.57170496453901
"921",2018-07-09,1.40737517730496
"922",2018-07-10,1.43260425531915
"923",2018-07-11,1.97520425531915
"924",2018-07-12,1.36257659574468
"925",2018-07-13,0.909208510638298
"926",2018-07-14,1.07134042553191
"927",2018-07-15,1.03259432624113
"928",2018-07-16,1.14426595744681
"929",2018-07-17,1.35799219858156
"930",2018-07-18,1.44515035460993
"931",2018-07-19,1.17132836879433
"932",2018-07-20,1.27802836879433
"933",2018-07-21,1.10112482269504
"934",2018-07-22,1.27800425531915
"935",2018-07-23,1.16820709219858
"936",2018-07-24,1.0097780141844
"937",2018-07-25,0.937070921985816
"938",2018-07-26,1.5615170212766
"939",2018-07-27,1.00629361702128
"940",2018-07-28,1.42573758865248
"941",2018-07-29,0.969647517730496
"942",2018-07-30,1.04186028368794
"943",2018-07-31,1.08090141843972
"944",2018-08-01,1.05211418439716
"945",2018-08-02,1.25584680851064
"946",2018-08-03,1.17977446808511
"947",2018-08-04,1.29504539007092
"948",2018-08-05,1.11152056737589
"949",2018-08-06,0.967843262411348
"950",2018-08-07,1.15767234042553
"951",2018-08-08,1.16031843971631
"952",2018-08-09,1.24940212765957
"953",2018-08-10,1.2087304964539
"954",2018-08-11,1.18054680851064
"955",2018-08-12,1.41376737588652
"956",2018-08-13,1.13679361702128
"957",2018-08-14,1.01117517730496
"958",2018-08-15,1.36650638297872
"959",2018-08-16,1.41527730496454
"960",2018-08-17,0.991843971631206
"961",2018-08-18,1.07256170212766
"962",2018-08-19,1.34178156028369
"963",2018-08-20,1.22106382978723
"964",2018-08-21,1.28521773049645
"965",2018-08-22,1.06685744680851
"966",2018-08-23,1.01241134751773
"967",2018-08-24,1.22121134751773
"968",2018-08-25,1.66851063829787
"969",2018-08-26,2.29423617021277
"970",2018-08-27,1.11268510638298
"971",2018-08-28,1.24471560283688
"972",2018-08-29,1.13002624113475
"973",2018-08-30,1.37929503546099
"974",2018-08-31,1.90156595744681
"975",2018-09-01,1.74949361702128
"976",2018-09-02,1.23257021276596
"977",2018-09-03,1.34917021276596
"978",2018-09-04,1.28138936170213
"979",2018-09-05,0.913172340425532
"980",2018-09-06,1.00327304964539
"981",2018-09-07,0.97139219858156
"982",2018-09-08,1.13011418439716
"983",2018-09-09,0.951646808510638
"984",2018-09-10,0.951781560283688
"985",2018-09-11,1.03254326241135
"986",2018-09-12,1.01553617021277
"987",2018-09-13,0.938856028368794
"988",2018-09-14,1.08115035460993
"989",2018-09-15,1.11913617021277
"990",2018-09-16,1.3160304964539
"991",2018-09-17,1.01755177304965
"992",2018-09-18,0.844336170212766
"993",2018-09-19,0.963921276595745
"994",2018-09-20,1.09444822695035
"995",2018-09-21,1.05509645390071
"996",2018-09-22,1.57531205673759
"997",2018-09-23,1.40834255319149
"998",2018-09-24,3.5571914893617
"999",2018-09-25,2.34464893617021
"1000",2018-09-26,1.6490219858156
"1001",2018-09-27,0.994985815602837
"1002",2018-09-28,1.24936170212766
"1003",2018-09-29,2.38995602836879
"1004",2018-09-30,1.73498510638298
"1005",2018-10-01,1.79980709219858
"1006",2018-10-02,1.4967390070922
"1007",2018-10-03,1.16959290780142
"1008",2018-10-04,1.57051560283688
"1009",2018-10-05,1.4418780141844
"1010",2018-10-06,1.15942624113475
"1011",2018-10-07,1.04683475177305
"1012",2018-10-08,0.984723404255319
"1013",2018-10-09,1.20932411347518
"1014",2018-10-10,1.96315390070922
"1015",2018-10-11,2.03329007092199
"1016",2018-10-12,1.01029007092199
"1017",2018-10-13,1.23540709219858
"1018",2018-10-14,1.56811914893617
"1019",2018-10-15,1.83250780141844
"1020",2018-10-16,1.41271418439716
"1021",2018-10-17,1.08156453900709
"1022",2018-10-18,1.01560780141844
"1023",2018-10-19,1.18735460992908
"1024",2018-10-20,1.06988723404255
"1025",2018-10-21,2.1973780141844
"1026",2018-10-22,1.26186808510638
"1027",2018-10-23,1.36978368794326
"1028",2018-10-24,2.73889361702128
"1029",2018-10-25,1.73298865248227
"1030",2018-10-26,1.17744822695035
"1031",2018-10-27,2.47836453900709
"1032",2018-10-28,2.8244
"1033",2018-10-29,4.97005390070922
"1034",2018-10-30,3.06469361702128
"1035",2018-10-31,2.37846241134752
"1036",2018-11-01,2.23192411347518
"1037",2018-11-02,1.2552170212766
"1038",2018-11-03,1.3819865248227
"1039",2018-11-04,1.77068581560284
"1040",2018-11-05,2.23617446808511
"1041",2018-11-06,2.5778219858156
"1042",2018-11-07,1.1906524822695
"1043",2018-11-08,0.962619858156028
"1044",2018-11-09,1.0135609929078
"1045",2018-11-10,1.41178156028369
"1046",2018-11-11,1.42088936170213
"1047",2018-11-12,0.779173758865248
"1048",2018-11-13,1.15256382978723
"1049",2018-11-14,0.889817021276596
"1050",2018-11-15,0.958370921985816
"1051",2018-11-16,2.15895815602837
"1052",2018-11-17,1.97688226950355
"1053",2018-11-18,1.40011560283688
"1054",2018-11-19,2.23371489361702
"1055",2018-11-20,1.32859858156028
"1056",2018-11-21,1.29295815602837
"1057",2018-11-22,0.79500780141844
"1058",2018-11-23,1.53641063829787
"1059",2018-11-24,1.22670141843972
"1060",2018-11-25,1.22220709219858
"1061",2018-11-26,1.11605106382979
"1062",2018-11-27,1.66808936170213
"1063",2018-11-28,1.36595531914894
"1064",2018-11-29,1.31532553191489
"1065",2018-11-30,0.891465957446808
"1066",2018-12-01,0.846863120567376
"1067",2018-12-02,0.995727659574468
"1068",2018-12-03,0.928093617021277
"1069",2018-12-04,1.27045035460993
"1070",2018-12-05,1.39842907801418
"1071",2018-12-06,0.97306170212766
"1072",2018-12-07,0.866087234042553
"1073",2018-12-08,2.20202553191489
"1074",2018-12-09,2.0017170212766
"1075",2018-12-10,2.69964113475177
"1076",2018-12-11,1.62800992907801
"1077",2018-12-12,1.13693546099291
"1078",2018-12-13,1.49876453900709
"1079",2018-12-14,1.2680390070922
"1080",2018-12-15,1.04515177304965
"1081",2018-12-16,0.790641843971631
"1082",2018-12-17,1.25306382978723
"1083",2018-12-18,0.923768085106383
"1084",2018-12-19,0.795893617021277
"1085",2018-12-20,1.08615106382979
"1086",2018-12-21,1.0837219858156
"1087",2018-12-22,1.28832411347518
"1088",2018-12-23,0.962695744680851
"1089",2018-12-24,2.12464326241135
"1090",2018-12-25,1.29963829787234
"1091",2018-12-26,1.11930354609929
"1092",2018-12-27,1.06771276595745
"1093",2018-12-28,1.07329503546099
"1094",2018-12-29,1.0270390070922
"1095",2018-12-30,1.67080567375887
"1096",2018-12-31,1.3544
"1097",2019-01-01,1.37223333333333
"1098",2019-01-02,2.79681560283688
"1099",2019-01-03,1.52624964539007
"1100",2019-01-04,1.03919574468085
"1101",2019-01-05,1.59868156028369
"1102",2019-01-06,2.11440709219858
"1103",2019-01-07,1.36725957446809
"1104",2019-01-08,1.16854822695035
"1105",2019-01-09,2.3810780141844
"1106",2019-01-10,2.26243971631206
"1107",2019-01-11,1.31978936170213
"1108",2019-01-12,1.36768794326241
"1109",2019-01-13,1.58787021276596
"1110",2019-01-14,2.83926879432624
"1111",2019-01-15,1.43535460992908
"1112",2019-01-16,1.38810283687943
"1113",2019-01-17,1.10136453900709
"1114",2019-01-18,2.03594964539007
"1115",2019-01-19,1.38305035460993
"1116",2019-01-20,0.812472340425532
"1117",2019-01-21,1.03361489361702
"1118",2019-01-22,1.01434468085106
"1119",2019-01-23,1.6496609929078
"1120",2019-01-24,1.48216524822695
"1121",2019-01-25,1.54731843971631
"1122",2019-01-26,1.07896808510638
"1123",2019-01-27,1.22144113475177
"1124",2019-01-28,2.05544255319149
"1125",2019-01-29,1.53730638297872
"1126",2019-01-30,1.40430780141844
"1127",2019-01-31,1.22432978723404
"1128",2019-02-01,1.55868510638298
"1129",2019-02-02,1.15816453900709
"1130",2019-02-03,1.47096170212766
"1131",2019-02-04,1.55347092198582
"1132",2019-02-05,1.23487234042553
"1133",2019-02-06,1.17250921985816
"1134",2019-02-07,0.968557446808511
"1135",2019-02-08,1.03471985815603
"1136",2019-02-09,1.1946170212766
"1137",2019-02-10,1.3934170212766
"1138",2019-02-11,3.27243262411348
"1139",2019-02-12,2.18321773049645
"1140",2019-02-13,1.20609007092199
"1141",2019-02-14,1.38301205673759
"1142",2019-02-15,1.37446170212766
"1143",2019-02-16,1.23793617021277
"1144",2019-02-17,1.46390354609929
"1145",2019-02-18,1.48681560283688
"1146",2019-02-19,1.40835602836879
"1147",2019-02-20,1.01831773049645
"1148",2019-02-21,1.14528226950355
"1149",2019-02-22,1.77590780141844
"1150",2019-02-23,3.04866879432624
"1151",2019-02-24,1.20674397163121
"1152",2019-02-25,1.35055177304965
"1153",2019-02-26,1.26779645390071
"1154",2019-02-27,1.33760992907801
"1155",2019-02-28,1.81727163120567
"1156",2019-03-01,1.32927021276596
"1157",2019-03-02,1.30186312056738
"1158",2019-03-03,1.19834468085106
"1159",2019-03-04,1.5485390070922
"1160",2019-03-05,1.49827517730496
"1161",2019-03-06,1.45254539007092
"1162",2019-03-07,2.03078723404255
"1163",2019-03-08,1.55337517730496
"1164",2019-03-09,1.80408723404255
"1165",2019-03-10,1.89336382978723
"1166",2019-03-11,3.53557446808511
"1167",2019-03-12,1.84519007092199
"1168",2019-03-13,1.39825390070922
"1169",2019-03-14,1.75042340425532
"1170",2019-03-15,2.24010141843972
"1171",2019-03-16,2.01418510638298
"1172",2019-03-17,1.34641205673759
"1173",2019-03-18,2.20536312056738
"1174",2019-03-19,1.7025219858156
"1175",2019-03-20,1.86583546099291
"1176",2019-03-21,1.43760212765957
"1177",2019-03-22,1.20991560283688
"1178",2019-03-23,1.27523475177305
"1179",2019-03-24,1.40729858156028
"1180",2019-03-25,2.88593617021277
"1181",2019-03-26,2.31849716312057
"1182",2019-03-27,1.94009432624113
"1183",2019-03-28,1.75790425531915
"1184",2019-03-29,1.46796382978723
"1185",2019-03-30,1.29375106382979
"1186",2019-03-31,1.23030567375887
"1187",2019-04-01,1.60514468085106
"1188",2019-04-02,1.6923780141844
"1189",2019-04-03,2.29852978723404
"1190",2019-04-04,3.25640283687943
"1191",2019-04-05,1.47007163120567
"1192",2019-04-06,1.37183617021277
"1193",2019-04-07,1.36049645390071
"1194",2019-04-08,1.7461219858156
"1195",2019-04-09,1.15055815602837
"1196",2019-04-10,0.969143262411348
"1197",2019-04-11,1.28038865248227
"1198",2019-04-12,1.80595673758865
"1199",2019-04-13,1.84602482269504
"1200",2019-04-14,2.11413120567376
"1201",2019-04-15,1.52080709219858
"1202",2019-04-16,1.09586666666667
"1203",2019-04-17,1.14577375886525
"1204",2019-04-18,2.20160283687943
"1205",2019-04-19,1.49173617021277
"1206",2019-04-20,1.55042411347518
"1207",2019-04-21,1.66258510638298
"1208",2019-04-22,3.03703404255319
"1209",2019-04-23,2.62948865248227
"1210",2019-04-24,2.07253191489362
"1211",2019-04-25,1.86387588652482
"1212",2019-04-26,2.26443120567376
"1213",2019-04-27,1.80816382978723
"1214",2019-04-28,2.1404829787234
"1215",2019-04-29,1.64501276595745
"1216",2019-04-30,1.85910992907801
"1217",2019-05-01,1.58918723404255
"1218",2019-05-02,1.96263191489362
"1219",2019-05-03,1.15555390070922
"1220",2019-05-04,0.984224822695035
"1221",2019-05-05,2.98612765957447
"1222",2019-05-06,1.52710283687943
"1223",2019-05-07,1.51712624113475
"1224",2019-05-08,1.63149007092199
"1225",2019-05-09,1.47108652482269
"1226",2019-05-10,1.19315531914894
"1227",2019-05-11,1.26573333333333
"1228",2019-05-12,2.66775886524823
"1229",2019-05-13,1.78229645390071
"1230",2019-05-14,2.59272907801418
"1231",2019-05-15,1.66786170212766
"1232",2019-05-16,1.4557219858156
"1233",2019-05-17,2.02165957446809
"1234",2019-05-18,1.90384184397163
"1235",2019-05-19,0.971505673758865
"1236",2019-05-20,1.4259475177305
"1237",2019-05-21,2.16007446808511
"1238",2019-05-22,1.41112695035461
"1239",2019-05-23,1.30412695035461
"1240",2019-05-24,1.09843333333333
"1241",2019-05-25,0.964232624113475
"1242",2019-05-26,1.47547872340426
"1243",2019-05-27,1.61793475177305
"1244",2019-05-28,1.37945744680851
"1245",2019-05-29,1.77137446808511
"1246",2019-05-30,1.65801205673759
"1247",2019-05-31,1.18014822695035
"1248",2019-06-01,1.21723475177305
"1249",2019-06-02,1.16944964539007
"1250",2019-06-03,1.2134085106383
"1251",2019-06-04,1.29518368794326
"1252",2019-06-05,1.51126808510638
"1253",2019-06-06,1.50612269503546
"1254",2019-06-07,1.39145673758865
"1255",2019-06-08,1.19895531914894
"1256",2019-06-09,1.83541418439716
"1257",2019-06-10,2.37073829787234
"1258",2019-06-11,1.52230780141844
"1259",2019-06-12,1.37782836879433
"1260",2019-06-13,1.35079503546099
"1261",2019-06-14,2.02863191489362
"1262",2019-06-15,1.50644326241135
"1263",2019-06-16,1.75579716312057
"1264",2019-06-17,1.77627304964539
"1265",2019-06-18,1.14154042553191
"1266",2019-06-19,1.32502127659574
"1267",2019-06-20,1.48780780141844
"1268",2019-06-21,1.40257021276596
"1269",2019-06-22,1.47755815602837
"1270",2019-06-23,1.16802340425532
"1271",2019-06-24,1.31665319148936
"1272",2019-06-25,1.47735744680851
"1273",2019-06-26,1.30404113475177
"1274",2019-06-27,1.42425815602837
"1275",2019-06-28,2.65117659574468
"1276",2019-06-29,2.38565460992908
"1277",2019-06-30,1.42372340425532
"1278",2019-07-01,1.21642127659574
"1279",2019-07-02,1.2730390070922
"1280",2019-07-03,1.53366170212766
"1281",2019-07-04,1.25357446808511
"1282",2019-07-05,1.20917943262411
"1283",2019-07-06,1.40496453900709
"1284",2019-07-07,2.07362624113475
"1285",2019-07-08,1.60153758865248
"1286",2019-07-09,1.78123120567376
"1287",2019-07-10,2.51490709219858
"1288",2019-07-11,1.54185177304965
"1289",2019-07-12,1.31530780141844
"1290",2019-07-13,1.58363687943262
"1291",2019-07-14,1.78836170212766
"1292",2019-07-15,2.31239503546099
"1293",2019-07-16,1.2305780141844
"1294",2019-07-17,1.15235390070922
"1295",2019-07-18,1.16999503546099
"1296",2019-07-19,0.958650354609929
"1297",2019-07-20,1.08375886524823
"1298",2019-07-21,1.42809858156028
"1299",2019-07-22,0.99306170212766
"1300",2019-07-23,1.18482695035461
"1301",2019-07-24,1.03656524822695
"1302",2019-07-25,1.21451205673759
"1303",2019-07-26,1.3759695035461
"1304",2019-07-27,1.21366453900709
"1305",2019-07-28,1.7669609929078
"1306",2019-07-29,1.59655957446809
"1307",2019-07-30,1.53473546099291
"1308",2019-07-31,1.08177517730496
"1309",2019-08-01,1.19616666666667
"1310",2019-08-02,1.36202836879433
"1311",2019-08-03,1.28983262411348
"1312",2019-08-04,1.78061418439716
"1313",2019-08-05,1.22954255319149
"1314",2019-08-06,1.25124539007092
"1315",2019-08-07,1.19467234042553
"1316",2019-08-08,1.10448014184397
"1317",2019-08-09,1.16552836879433
"1318",2019-08-10,1.23814468085106
"1319",2019-08-11,1.61685886524823
"1320",2019-08-12,1.53123262411348
"1321",2019-08-13,1.52373971631206
"1322",2019-08-14,1.94188510638298
"1323",2019-08-15,1.43864539007092
"1324",2019-08-16,1.42658652482269
"1325",2019-08-17,1.17023971631206
"1326",2019-08-18,1.1593
"1327",2019-08-19,1.11270141843972
"1328",2019-08-20,1.54927304964539
"1329",2019-08-21,2.02542411347518
"1330",2019-08-22,1.4557170212766
"1331",2019-08-23,1.4032085106383
"1332",2019-08-24,1.17701773049645
"1333",2019-08-25,1.12583829787234
"1334",2019-08-26,1.16048723404255
"1335",2019-08-27,1.01762340425532
"1336",2019-08-28,0.957391489361702
"1337",2019-08-29,1.14811773049645
"1338",2019-08-30,1.31830141843972
"1339",2019-08-31,1.11047588652482
"1340",2019-09-01,1.0318780141844
"1341",2019-09-02,1.27720354609929
"1342",2019-09-03,2.02418794326241
"1343",2019-09-04,1.40490921985816
"1344",2019-09-05,1.75140496453901
"1345",2019-09-06,2.04523262411348
"1346",2019-09-07,1.12937234042553
"1347",2019-09-08,1.76919645390071
"1348",2019-09-09,1.47376241134752
"1349",2019-09-10,1.73167659574468
"1350",2019-09-11,1.1486390070922
"1351",2019-09-12,1.12924184397163
"1352",2019-09-13,1.27271631205674
"1353",2019-09-14,1.35972907801418
"1354",2019-09-15,0.907403546099291
"1355",2019-09-16,1.01802340425532
"1356",2019-09-17,1.44782127659574
"1357",2019-09-18,1.94898652482269
"1358",2019-09-19,2.07817375886525
"1359",2019-09-20,2.10757730496454
"1360",2019-09-21,1.30428156028369
"1361",2019-09-22,1.0728085106383
"1362",2019-09-23,1.07246028368794
"1363",2019-09-24,1.05744255319149
"1364",2019-09-25,1.14420921985816
"1365",2019-09-26,1.03572056737589
"1366",2019-09-27,1.03579219858156
"1367",2019-09-28,0.937006382978723
"1368",2019-09-29,1.21119716312057
"1369",2019-09-30,1.42166524822695
"1370",2019-10-01,0.960468085106383
"1371",2019-10-02,1.2377170212766
"1372",2019-10-03,2.13750709219858
"1373",2019-10-04,1.33564964539007
"1374",2019-10-05,1.11574822695035
"1375",2019-10-06,2.19291205673759
"1376",2019-10-07,1.68970921985816
"1377",2019-10-08,1.36425886524823
"1378",2019-10-09,1.26170425531915
"1379",2019-10-10,1.22286808510638
"1380",2019-10-11,1.17221489361702
"1381",2019-10-12,1.02878510638298
"1382",2019-10-13,0.990544680851064
"1383",2019-10-14,1.01191773049645
"1384",2019-10-15,2.6504170212766
"1385",2019-10-16,1.31617872340426
"1386",2019-10-17,1.02187872340426
"1387",2019-10-18,0.964129787234043
"1388",2019-10-19,2.21837304964539
"1389",2019-10-20,2.55814042553191
"1390",2019-10-21,2.56090354609929
"1391",2019-10-22,1.30026453900709
"1392",2019-10-23,1.29180070921986
"1393",2019-10-24,1.95712127659574
"1394",2019-10-25,1.19044609929078
"1395",2019-10-26,1.33964468085106
"1396",2019-10-27,1.1247304964539
"1397",2019-10-28,0.947992907801418
"1398",2019-10-29,0.968232624113475
"1399",2019-10-30,2.2193170212766
"1400",2019-10-31,1.87821063829787
"1401",2019-11-01,1.30972765957447
"1402",2019-11-02,0.886531205673759
"1403",2019-11-03,1.76839645390071
"1404",2019-11-04,1.42717943262411
"1405",2019-11-05,1.13596666666667
"1406",2019-11-06,1.08183617021277
"1407",2019-11-07,1.51354893617021
"1408",2019-11-08,1.57950638297872
"1409",2019-11-09,1.21097163120567
"1410",2019-11-10,1.20625886524823
"1411",2019-11-11,1.54474326241135
"1412",2019-11-12,1.74201134751773
"1413",2019-11-13,1.90450496453901
"1414",2019-11-14,2.51536312056738
"1415",2019-11-15,2.12434893617021
"1416",2019-11-16,1.44430638297872
"1417",2019-11-17,1.4426
"1418",2019-11-18,1.4205304964539
"1419",2019-11-19,2.1861134751773
"1420",2019-11-20,1.37806241134752
"1421",2019-11-21,1.04914255319149
"1422",2019-11-22,2.11646312056738
"1423",2019-11-23,4.18927021276596
"1424",2019-11-24,3.36479645390071
"1425",2019-11-25,1.78450638297872
"1426",2019-11-26,1.08402482269504
"1427",2019-11-27,1.6401914893617
"1428",2019-11-28,1.17068723404255
"1429",2019-11-29,1.40903758865248
"1430",2019-11-30,1.55789503546099
"1431",2019-12-01,1.93555886524823
"1432",2019-12-02,1.35492978723404
"1433",2019-12-03,1.93930921985816
"1434",2019-12-04,1.27678581560284
"1435",2019-12-05,1.05167588652482
"1436",2019-12-06,0.965560992907801
"1437",2019-12-07,1.10310212765957
"1438",2019-12-08,0.940926241134752
"1439",2019-12-09,1.17346595744681
"1440",2019-12-10,2.32533333333333
"1441",2019-12-11,0.96483829787234
"1442",2019-12-12,1.0282
"1443",2019-12-13,1.79966453900709
"1444",2019-12-14,1.52334255319149
"1445",2019-12-15,1.05237588652482
"1446",2019-12-16,0.702866666666667
"1447",2019-12-17,1.6826475177305
"1448",2019-12-18,0.894614184397163
"1449",2019-12-19,0.932244680851064
"1450",2019-12-20,2.87177304964539
"1451",2019-12-21,2.03579787234043
"1452",2019-12-22,2.48884964539007
"1453",2019-12-23,3.0391914893617
"1454",2019-12-24,1.83915035460993
"1455",2019-12-25,1.88025319148936
"1456",2019-12-26,1.14323546099291
"1457",2019-12-27,1.03820283687943
"1458",2019-12-28,1.36180425531915
"1459",2019-12-29,1.09380921985816
"1460",2019-12-30,1.12583971631206
"1461",2019-12-31,1.50534184397163
"1462",2020-01-01,1.25088439716312
"1463",2020-01-02,1.23481914893617
"1464",2020-01-03,1.36224680851064
"1465",2020-01-04,1.71233475177305
"1466",2020-01-05,1.48967234042553
"1467",2020-01-06,1.13960780141844
"1468",2020-01-07,0.972039716312057
"1469",2020-01-08,1.20100496453901
"1470",2020-01-09,1.13200070921986
"1471",2020-01-10,1.18019503546099
"1472",2020-01-11,1.19047730496454
"1473",2020-01-12,1.07980141843972
"1474",2020-01-13,0.811743262411348
"1475",2020-01-14,0.737610638297872
"1476",2020-01-15,0.893298581560284
"1477",2020-01-16,1.07627730496454
"1478",2020-01-17,1.32465177304965
"1479",2020-01-18,1.4411304964539
"1480",2020-01-19,1.5426304964539
"1481",2020-01-20,1.84257375886525
"1482",2020-01-21,1.09638439716312
"1483",2020-01-22,1.45916737588652
"1484",2020-01-23,1.28594680851064
"1485",2020-01-24,1.0778524822695
"1486",2020-01-25,0.852889361702128
"1487",2020-01-26,0.956302127659574
"1488",2020-01-27,1.1990829787234
"1489",2020-01-28,1.45265035460993
"1490",2020-01-29,1.97236241134752
"1491",2020-01-30,1.29260212765957
"1492",2020-01-31,1.29640070921986
"1493",2020-02-01,1.09535319148936
"1494",2020-02-02,1.42389007092199
"1495",2020-02-03,1.58856382978723
"1496",2020-02-04,3.07933333333333
"1497",2020-02-05,3.29192907801418
"1498",2020-02-06,1.26210567375887
"1499",2020-02-07,1.29609432624113
"1500",2020-02-08,0.950677304964539
"1501",2020-02-09,0.964514893617021
"1502",2020-02-10,1.38062836879433
"1503",2020-02-11,2.42764326241135
"1504",2020-02-12,2.16297517730496
"1505",2020-02-13,1.26460212765957
"1506",2020-02-14,1.76137517730496
"1507",2020-02-15,1.13634255319149
"1508",2020-02-16,1.13963262411348
"1509",2020-02-17,0.996916312056738
"1510",2020-02-18,1.28242624113475
"1511",2020-02-19,1.67622127659574
"1512",2020-02-20,1.24233971631206
"1513",2020-02-21,1.49882695035461
"1514",2020-02-22,1.06554680851064
"1515",2020-02-23,2.04923617021277
"1516",2020-02-24,1.95829007092199
"1517",2020-02-25,0.874457446808511
"1518",2020-02-26,3.23207163120567
"1519",2020-02-27,1.79088226950355
"1520",2020-02-28,2.03652056737589
"1521",2020-02-29,1.29969574468085
"1522",2020-03-01,1.01707375886525
"1523",2020-03-02,2.47553546099291
"1524",2020-03-03,1.8666475177305
"1525",2020-03-04,1.64384609929078
"1526",2020-03-05,1.8754304964539
"1527",2020-03-06,1.56394042553191
"1528",2020-03-07,1.91664326241135
"1529",2020-03-08,1.22913546099291
"1530",2020-03-09,1.29881418439716
"1531",2020-03-10,1.62266666666667
"1532",2020-03-11,1.53863404255319
"1533",2020-03-12,1.42179574468085
"1534",2020-03-13,1.54888581560284
"1535",2020-03-14,2.2422865248227
"1536",2020-03-15,1.73719574468085
"1537",2020-03-16,1.09767943262411
"1538",2020-03-17,1.0102524822695
"1539",2020-03-18,1.15319219858156
"1540",2020-03-19,1.15128936170213
"1541",2020-03-20,1.29808794326241
"1542",2020-03-21,1.29531134751773
"1543",2020-03-22,3.29979361702128
"1544",2020-03-23,2.95003333333333
"1545",2020-03-24,1.48918368794326
"1546",2020-03-25,2.62825744680851
"1547",2020-03-26,1.68831631205674
"1548",2020-03-27,1.43630425531915
"1549",2020-03-28,1.37413971631206
"1550",2020-03-29,1.24457943262411
"1551",2020-03-30,2.8505609929078
"1552",2020-03-31,2.47925886524823
"1553",2020-04-01,1.40159219858156
"1554",2020-04-02,0.953357446808511
"1555",2020-04-03,1.23266382978723
"1556",2020-04-04,1.41409503546099
"1557",2020-04-05,1.79174680851064
"1558",2020-04-06,1.46927943262411
"1559",2020-04-07,1.46317943262411
"1560",2020-04-08,1.43294397163121
"1561",2020-04-09,1.21872836879433
"1562",2020-04-10,1.23958865248227
"1563",2020-04-11,1.64566879432624
"1564",2020-04-12,1.63311914893617
"1565",2020-04-13,1.86620212765957
"1566",2020-04-14,2.81102056737589
"1567",2020-04-15,1.69724468085106
"1568",2020-04-16,1.16293617021277
"1569",2020-04-17,1.41778723404255
"1570",2020-04-18,1.44653191489362
"1571",2020-04-19,1.21141560283688
"1572",2020-04-20,2.71541205673759
"1573",2020-04-21,2.0950170212766
"1574",2020-04-22,2.25965319148936
"1575",2020-04-23,1.42753475177305
"1576",2020-04-24,1.75537304964539
"1577",2020-04-25,2.37960212765957
"1578",2020-04-26,1.35477517730496
"1579",2020-04-27,1.42961631205674
"1580",2020-04-28,1.15406241134752
"1581",2020-04-29,1.35044042553191
"1582",2020-04-30,1.54731205673759
"1583",2020-05-01,1.41279716312057
"1584",2020-05-02,1.96307659574468
"1585",2020-05-03,2.39914680851064
"1586",2020-05-04,1.32817659574468
"1587",2020-05-05,1.72280354609929
"1588",2020-05-06,2.39821489361702
"1589",2020-05-07,1.1851865248227
"1590",2020-05-08,1.40844893617021
"1591",2020-05-09,1.70504680851064
"1592",2020-05-10,1.24281418439716
"1593",2020-05-11,2.48393758865248
"1594",2020-05-12,1.58426241134752
"1595",2020-05-13,2.22603333333333
"1596",2020-05-14,1.34585319148936
"1597",2020-05-15,1.61974255319149
"1598",2020-05-16,1.89544184397163
"1599",2020-05-17,1.35449290780142
"1600",2020-05-18,1.41572765957447
"1601",2020-05-19,1.60436524822695
"1602",2020-05-20,1.68781063829787
"1603",2020-05-21,1.44680141843972
"1604",2020-05-22,1.42273120567376
"1605",2020-05-23,1.7615390070922
"1606",2020-05-24,2.44794964539007
"1607",2020-05-25,1.39341418439716
"1608",2020-05-26,2.41135957446809
"1609",2020-05-27,1.33073758865248
"1610",2020-05-28,1.31882907801418
"1611",2020-05-29,2.16153687943262
"1612",2020-05-30,1.2451390070922
"1613",2020-05-31,1.41503971631206
"1614",2020-06-01,1.20530921985816
"1615",2020-06-02,1.34327943262411
"1616",2020-06-03,1.61314539007092
"1617",2020-06-04,2.44913120567376
"1618",2020-06-05,1.55665035460993
"1619",2020-06-06,1.53604184397163
"1620",2020-06-07,2.06226666666667
"1621",2020-06-08,1.46733758865248
"1622",2020-06-09,1.05825390070922
"1623",2020-06-10,1.07375035460993
"1624",2020-06-11,1.30447872340426
"1625",2020-06-12,1.09426382978723
"1626",2020-06-13,1.58708723404255
"1627",2020-06-14,1.61263687943262
"1628",2020-06-15,1.20288723404255
"1629",2020-06-16,0.959660283687943
"1630",2020-06-17,1.11125673758865
"1631",2020-06-18,1.80297304964539
"1632",2020-06-19,1.49667517730496
"1633",2020-06-20,1.05997021276596
"1634",2020-06-21,1.51247943262411
"1635",2020-06-22,1.37762056737589
"1636",2020-06-23,1.15333262411348
"1637",2020-06-24,2.02301631205674
"1638",2020-06-25,1.8345170212766
"1639",2020-06-26,1.19872624113475
"1640",2020-06-27,1.15513758865248
"1641",2020-06-28,1.32357517730496
"1642",2020-06-29,1.77923475177305
"1643",2020-06-30,1.55864397163121
"1644",2020-07-01,1.1564085106383
"1645",2020-07-02,1.19456737588652
"1646",2020-07-03,1.66079503546099
"1647",2020-07-04,1.21277375886525
"1648",2020-07-05,1.10997730496454
"1649",2020-07-06,1.40365957446809
"1650",2020-07-07,2.84925744680851
"1651",2020-07-08,1.32377517730496
"1652",2020-07-09,1.18500283687943
"1653",2020-07-10,1.1266475177305
"1654",2020-07-11,1.68204255319149
"1655",2020-07-12,2.5455085106383
"1656",2020-07-13,2.23378510638298
"1657",2020-07-14,1.51289787234043
"1658",2020-07-15,0.981154609929078
"1659",2020-07-16,1.0983170212766
"1660",2020-07-17,2.06455460992908
"1661",2020-07-18,1.73050780141844
"1662",2020-07-19,1.20368723404255
"1663",2020-07-20,1.32551489361702
"1664",2020-07-21,1.12043829787234
"1665",2020-07-22,1.26316879432624
"1666",2020-07-23,1.12799787234043
"1667",2020-07-24,1.33931773049645
"1668",2020-07-25,1.2096780141844
"1669",2020-07-26,1.07470212765957
"1670",2020-07-27,1.08092127659574
"1671",2020-07-28,1.06763404255319
"1672",2020-07-29,1.14576453900709
"1673",2020-07-30,1.04775815602837
"1674",2020-07-31,1.15115177304965
"1675",2020-08-01,1.08745673758865
"1676",2020-08-02,1.78993546099291
"1677",2020-08-03,1.55066028368794
"1678",2020-08-04,2.39782127659574
"1679",2020-08-05,1.44600212765957
"1680",2020-08-06,1.19299007092199
"1681",2020-08-07,1.39050921985816
"1682",2020-08-08,1.27178794326241
"1683",2020-08-09,1.31491773049645
"1684",2020-08-10,1.20691489361702
"1685",2020-08-11,1.11238510638298
"1686",2020-08-12,1.17001205673759
"1687",2020-08-13,1.22558156028369
"1688",2020-08-14,1.00570212765957
"1689",2020-08-15,0.992809929078014
"1690",2020-08-16,0.909647517730496
"1691",2020-08-17,1.00841063829787
"1692",2020-08-18,1.14335035460993
"1693",2020-08-19,0.926324113475177
"1694",2020-08-20,1.00383687943262
"1695",2020-08-21,1.03627092198582
"1696",2020-08-22,1.25377163120567
"1697",2020-08-23,1.59751276595745
"1698",2020-08-24,1.38386808510638
"1699",2020-08-25,1.19462836879433
"1700",2020-08-26,1.2950524822695
"1701",2020-08-27,1.33329787234043
"1702",2020-08-28,1.76043829787234
"1703",2020-08-29,1.96834964539007
"1704",2020-08-30,1.97412907801418
"1705",2020-08-31,1.16372553191489
"1706",2020-09-01,1.2350085106383
"1707",2020-09-02,1.4140609929078
"1708",2020-09-03,0.962652482269504
"1709",2020-09-04,1.03083333333333
"1710",2020-09-05,1.05895106382979
"1711",2020-09-06,1.14089645390071
"1712",2020-09-07,1.70122269503546
"1713",2020-09-08,1.3533524822695
"1714",2020-09-09,1.0492914893617
"1715",2020-09-10,1.11672411347518
"1716",2020-09-11,1.21277659574468
"1717",2020-09-12,1.13419929078014
"1718",2020-09-13,1.30240709219858
"1719",2020-09-14,1.57216170212766
"1720",2020-09-15,1.16028510638298
"1721",2020-09-16,1.1916170212766
"1722",2020-09-17,1.3229914893617
"1723",2020-09-18,1.65241205673759
"1724",2020-09-19,1.61811773049645
"1725",2020-09-20,1.02571914893617
"1726",2020-09-21,0.898302836879433
"1727",2020-09-22,0.854719858156028
"1728",2020-09-23,0.876696453900709
"1729",2020-09-24,1.65690496453901
"1730",2020-09-25,2.22849929078014
"1731",2020-09-26,2.56756666666667
"1732",2020-09-27,1.87743333333333
"1733",2020-09-28,1.60098226950355
"1734",2020-09-29,1.08727163120567
"1735",2020-09-30,0.95962695035461
"1736",2020-10-01,1.23475815602837
"1737",2020-10-02,4.21994609929078
"1738",2020-10-03,3.72309219858156
"1739",2020-10-04,2.61966879432624
"1740",2020-10-05,1.21104042553191
"1741",2020-10-06,1.05638014184397
"1742",2020-10-07,1.69225319148936
"1743",2020-10-08,1.12157304964539
"1744",2020-10-09,0.924004964539007
"1745",2020-10-10,1.19485815602837
"1746",2020-10-11,1.72780496453901
"1747",2020-10-12,1.48462269503546
"1748",2020-10-13,1.27555815602837
"1749",2020-10-14,1.24042340425532
"1750",2020-10-15,1.69423262411348
"1751",2020-10-16,1.05978581560284
"1752",2020-10-17,1.01330141843972
"1753",2020-10-18,0.937047517730496
"1754",2020-10-19,0.96278085106383
"1755",2020-10-20,0.949609219858156
"1756",2020-10-21,1.00221560283688
"1757",2020-10-22,0.98762695035461
"1758",2020-10-23,1.02398581560284
"1759",2020-10-24,1.09126666666667
"1760",2020-10-25,1.20693687943262
"1761",2020-10-26,2.45449078014184
"1762",2020-10-27,1.38934893617021
"1763",2020-10-28,1.26735106382979
"1764",2020-10-29,1.09061205673759
"1765",2020-10-30,0.879931914893617
"1766",2020-10-31,1.04870638297872
"1767",2020-11-01,1.04698794326241
"1768",2020-11-02,0.890951063829787
"1769",2020-11-03,0.768468794326241
"1770",2020-11-04,0.82671914893617
"1771",2020-11-05,1.12670780141844
"1772",2020-11-06,1.00891205673759
"1773",2020-11-07,1.10892978723404
"1774",2020-11-08,1.15230709219858
"1775",2020-11-09,0.998841134751773
"1776",2020-11-10,0.926324822695035
"1777",2020-11-11,1.11606312056738
"1778",2020-11-12,0.778896453900709
"1779",2020-11-13,0.799541843971631
"1780",2020-11-14,0.722050354609929
"1781",2020-11-15,0.760132624113475
"1782",2020-11-16,1.08679007092199
"1783",2020-11-17,1.16633829787234
"1784",2020-11-18,1.07109858156028
"1785",2020-11-19,1.06801418439716
"1786",2020-11-20,1.81176241134752
"1787",2020-11-21,1.70825460992908
"1788",2020-11-22,0.991123404255319
"1789",2020-11-23,0.980439007092199
"1790",2020-11-24,1.07798439716312
"1791",2020-11-25,0.861364539007092
"1792",2020-11-26,0.850169503546099
"1793",2020-11-27,0.714014893617021
"1794",2020-11-28,0.787457446808511
"1795",2020-11-29,1.15965106382979
"1796",2020-11-30,1.22614893617021
"1797",2020-12-01,1.57636666666667
"1798",2020-12-02,1.57168865248227
"1799",2020-12-03,1.25727730496454
"1800",2020-12-04,2.71175886524823
"1801",2020-12-05,1.35517234042553
"1802",2020-12-06,1.34710141843972
"1803",2020-12-07,1.59816453900709
"1804",2020-12-08,1.90090709219858
"1805",2020-12-09,1.53519645390071
"1806",2020-12-10,0.979821985815603
"1807",2020-12-11,0.866489361702128
"1808",2020-12-12,1.09338156028369
"1809",2020-12-13,1.37143404255319
"1810",2020-12-14,1.05938368794326
"1811",2020-12-15,0.941585815602837
"1812",2020-12-16,0.800385815602837
"1813",2020-12-17,0.859224113475177
"1814",2020-12-18,0.894741134751773
"1815",2020-12-19,0.726615602836879
"1816",2020-12-20,0.740163120567376
"1817",2020-12-21,0.718519858156028
"1818",2020-12-22,0.994729078014184
"1819",2020-12-23,0.812541843971631
"1820",2020-12-24,0.924452482269503
"1821",2020-12-25,2.06451985815603
"1822",2020-12-26,1.70814964539007
"1823",2020-12-27,1.1470829787234
"1824",2020-12-28,2.17511489361702
"1825",2020-12-29,1.19497163120567
"1826",2020-12-30,1.35360992907801
"1827",2020-12-31,1.18721631205674
"1828",2021-01-01,1.58649007092199
"1829",2021-01-02,2.29476382978723
"1830",2021-01-03,1.35866879432624
"1831",2021-01-04,1.24872340425532
"1832",2021-01-05,1.22838439716312
"1833",2021-01-06,0.927314184397163
"1834",2021-01-07,1.01146028368794
"1835",2021-01-08,1.31445390070922
"1836",2021-01-09,1.32086666666667
"1837",2021-01-10,1.51930212765957
"1838",2021-01-11,1.26710921985816
"1839",2021-01-12,1.48692411347518
"1840",2021-01-13,1.69243475177305
"1841",2021-01-14,1.86119645390071
"1842",2021-01-15,1.70711418439716
"1843",2021-01-16,1.0109829787234
"1844",2021-01-17,0.938520567375887
"1845",2021-01-18,1.05661631205674
"1846",2021-01-19,1.01545886524823
"1847",2021-01-20,0.915627659574468
"1848",2021-01-21,0.83641134751773
"1849",2021-01-22,1.60625744680851
"1850",2021-01-23,1.92084397163121
"1851",2021-01-24,1.72133687943262
"1852",2021-01-25,1.83615035460993
"1853",2021-01-26,2.34400212765957
"1854",2021-01-27,1.3649475177305
"1855",2021-01-28,1.20792695035461
"1856",2021-01-29,1.30096879432624
"1857",2021-01-30,1.7362219858156
"1858",2021-01-31,1.58455390070922
"1859",2021-02-01,1.23026312056738
"1860",2021-02-02,0.901995744680851
"1861",2021-02-03,1.06292907801418
"1862",2021-02-04,1.14969078014184
"1863",2021-02-05,0.83815390070922
"1864",2021-02-06,1.1577829787234
"1865",2021-02-07,1.63701418439716
"1866",2021-02-08,1.53192411347518
"1867",2021-02-09,1.24437588652482
"1868",2021-02-10,1.80602624113475
"1869",2021-02-11,2.6780085106383
"1870",2021-02-12,3.13021418439716
"1871",2021-02-13,2.53598156028369
"1872",2021-02-14,1.58914113475177
"1873",2021-02-15,1.22148014184397
"1874",2021-02-16,1.22205957446809
"1875",2021-02-17,1.37828368794326
"1876",2021-02-18,0.918917021276596
"1877",2021-02-19,0.973703546099291
"1878",2021-02-20,0.954114184397163
"1879",2021-02-21,1.16394468085106
"1880",2021-02-22,1.05562695035461
"1881",2021-02-23,1.29306879432624
"1882",2021-02-24,1.44135957446809
"1883",2021-02-25,1.3995914893617
"1884",2021-02-26,1.24694255319149
"1885",2021-02-27,2.1942524822695
"1886",2021-02-28,1.6193390070922
"1887",2021-03-01,1.10234184397163
"1888",2021-03-02,1.09186737588652
"1889",2021-03-03,1.12400709219858
"1890",2021-03-04,1.46854184397163
"1891",2021-03-05,1.4682085106383
"1892",2021-03-06,2.75886524822695
"1893",2021-03-07,0.941634042553191
"1894",2021-03-08,1.44852978723404
"1895",2021-03-09,1.40734609929078
"1896",2021-03-10,1.1237780141844
"1897",2021-03-11,1.22474609929078
"1898",2021-03-12,1.12752907801418
"1899",2021-03-13,1.33587517730496
"1900",2021-03-14,2.85284539007092
"1901",2021-03-15,2.32172056737589
"1902",2021-03-16,2.72183687943262
"1903",2021-03-17,1.50879078014184
"1904",2021-03-18,1.78822836879433
"1905",2021-03-19,1.66217304964539
"1906",2021-03-20,1.74575744680851
"1907",2021-03-21,1.4482
"1908",2021-03-22,1.58764397163121
"1909",2021-03-23,1.51590921985816
"1910",2021-03-24,1.13047304964539
"1911",2021-03-25,1.26490070921986
"1912",2021-03-26,1.25919078014184
"1913",2021-03-27,1.15296808510638
"1914",2021-03-28,1.15186737588652
"1915",2021-03-29,1.11293191489362
"1916",2021-03-30,1.18184397163121
"1917",2021-03-31,1.05419503546099
"1918",2021-04-01,1.65278368794326
"1919",2021-04-02,1.90588865248227
"1920",2021-04-03,2.86588581560284
"1921",2021-04-04,2.02812411347518
"1922",2021-04-05,1.58927730496454
"1923",2021-04-06,3.02167730496454
"1924",2021-04-07,2.44804397163121
"1925",2021-04-08,1.79711631205674
"1926",2021-04-09,1.41845957446809
"1927",2021-04-10,1.32303829787234
"1928",2021-04-11,1.93975744680851
"1929",2021-04-12,1.75834468085106
"1930",2021-04-13,1.85987304964539
"1931",2021-04-14,1.64965744680851
"1932",2021-04-15,2.08474397163121
"1933",2021-04-16,1.85715531914894
"1934",2021-04-17,1.52416524822695
"1935",2021-04-18,1.2174219858156
"1936",2021-04-19,1.13549361702128
"1937",2021-04-20,1.58596737588652
"1938",2021-04-21,1.33498156028369
"1939",2021-04-22,1.1760609929078
"1940",2021-04-23,1.70204113475177
"1941",2021-04-24,1.19674468085106
"1942",2021-04-25,1.3415914893617
"1943",2021-04-26,1.86334184397163
"1944",2021-04-27,1.62887092198582
"1945",2021-04-28,1.39610709219858
"1946",2021-04-29,1.18185319148936
"1947",2021-04-30,1.29218723404255
"1948",2021-05-01,1.45699290780142
"1949",2021-05-02,2.35216879432624
"1950",2021-05-03,1.69314397163121
"1951",2021-05-04,1.65190283687943
"1952",2021-05-05,1.87328226950355
"1953",2021-05-06,2.16233262411348
"1954",2021-05-07,2.07043262411347
"1955",2021-05-08,2.14368156028369
"1956",2021-05-09,1.51490283687943
"1957",2021-05-10,1.81537517730496
"1958",2021-05-11,2.54042056737589
"1959",2021-05-12,1.64567872340426
"1960",2021-05-13,1.49827517730496
"1961",2021-05-14,1.14647092198582
"1962",2021-05-15,1.34515886524823
"1963",2021-05-16,1.30912340425532
"1964",2021-05-17,2.10825744680851
"1965",2021-05-18,1.59233475177305
"1966",2021-05-19,1.6778695035461
"1967",2021-05-20,1.57383971631206
"1968",2021-05-21,1.82044042553191
"1969",2021-05-22,1.42900709219858
"1970",2021-05-23,1.40859858156028
"1971",2021-05-24,1.47072765957447
"1972",2021-05-25,1.7989085106383
"1973",2021-05-26,1.45809007092199
"1974",2021-05-27,1.38443475177305
"1975",2021-05-28,1.76732978723404
"1976",2021-05-29,1.77023971631206
"1977",2021-05-30,2.09601985815603
"1978",2021-05-31,1.74924964539007
"1979",2021-06-01,1.52874255319149
"1980",2021-06-02,1.46078085106383
"1981",2021-06-03,1.2879390070922
"1982",2021-06-04,1.33706595744681
"1983",2021-06-05,1.69055177304965
"1984",2021-06-06,1.34400780141844
"1985",2021-06-07,1.10767304964539
"1986",2021-06-08,1.05320496453901
"1987",2021-06-09,1.30198085106383
"1988",2021-06-10,1.35225744680851
"1989",2021-06-11,1.3035390070922
"1990",2021-06-12,1.45623617021277
"1991",2021-06-13,1.78795602836879
"1992",2021-06-14,2.58629432624113
"1993",2021-06-15,1.8889609929078
"1994",2021-06-16,1.57491276595745
"1995",2021-06-17,1.14350992907801
"1996",2021-06-18,1.40908510638298
"1997",2021-06-19,1.68058368794326
"1998",2021-06-20,1.68366737588652
"1999",2021-06-21,1.62203617021277
"2000",2021-06-22,1.6478829787234
"2001",2021-06-23,1.48384822695035
"2002",2021-06-24,1.92515602836879
"2003",2021-06-25,1.80636382978723
"2004",2021-06-26,1.09197943262411
"2005",2021-06-27,1.3246390070922
"2006",2021-06-28,1.89554609929078
"2007",2021-06-29,2.03191489361702
"2008",2021-06-30,1.74691134751773
"2009",2021-07-01,1.73107021276596
"2010",2021-07-02,1.41628439716312
"2011",2021-07-03,1.46099361702128
"2012",2021-07-04,1.29293829787234
"2013",2021-07-05,1.38678510638298
"2014",2021-07-06,1.45276170212766
"2015",2021-07-07,1.39972765957447
"2016",2021-07-08,1.70444964539007
"2017",2021-07-09,1.84135106382979
"2018",2021-07-10,1.37914964539007
"2019",2021-07-11,1.19853617021277
"2020",2021-07-12,1.55598156028369
"2021",2021-07-13,1.64896241134752
"2022",2021-07-14,1.22618368794326
"2023",2021-07-15,0.964820567375887
"2024",2021-07-16,1.1379304964539
"2025",2021-07-17,2.02689858156028
"2026",2021-07-18,1.47593829787234
"2027",2021-07-19,1.34122978723404
"2028",2021-07-20,1.26123333333333
"2029",2021-07-21,1.45098652482269
"2030",2021-07-22,1.76688510638298
"2031",2021-07-23,1.33642482269504
"2032",2021-07-24,1.7732304964539
"2033",2021-07-25,1.67176595744681
"2034",2021-07-26,1.53173191489362
"2035",2021-07-27,1.49630141843972
"2036",2021-07-28,1.16667304964539
"2037",2021-07-29,1.03807234042553
"2038",2021-07-30,1.2220609929078
"2039",2021-07-31,1.27658723404255
"2040",2021-08-01,1.52226241134752
"2041",2021-08-02,1.34636524822695
"2042",2021-08-03,1.22825673758865
"2043",2021-08-04,1.35281489361702
"2044",2021-08-05,1.87419645390071
"2045",2021-08-06,1.09655390070922
"2046",2021-08-07,1.65212765957447
"2047",2021-08-08,1.2521304964539
"2048",2021-08-09,1.1911085106383
"2049",2021-08-10,1.15541276595745
"2050",2021-08-11,1.33736666666667
"2051",2021-08-12,1.47590992907801
"2052",2021-08-13,1.31029858156028
"2053",2021-08-14,1.30859503546099
"2054",2021-08-15,1.2546170212766
"2055",2021-08-16,1.57054468085106
"2056",2021-08-17,2.27134680851064
"2057",2021-08-18,2.30136382978723
"2058",2021-08-19,1.71713617021277
"2059",2021-08-20,1.26069787234043
"2060",2021-08-21,1.11595319148936
"2061",2021-08-22,1.25913617021277
"2062",2021-08-23,2.11507446808511
"2063",2021-08-24,1.62495319148936
"2064",2021-08-25,1.78894680851064
"2065",2021-08-26,1.33276595744681
"2066",2021-08-27,2.5618390070922
"2067",2021-08-28,1.62463829787234
"2068",2021-08-29,1.10776170212766
"2069",2021-08-30,1.37128510638298
"2070",2021-08-31,1.31973191489362
"2071",2021-09-01,1.19127659574468
"2072",2021-09-02,1.95051631205674
"2073",2021-09-03,1.38335460992908
"2074",2021-09-04,1.25498226950355
"2075",2021-09-05,1.44475035460993
"2076",2021-09-06,1.59702411347518
"2077",2021-09-07,1.39848794326241
"2078",2021-09-08,1.80685319148936
"2079",2021-09-09,1.36383404255319
"2080",2021-09-10,1.08683829787234
"2081",2021-09-11,1.08428368794326
"2082",2021-09-12,1.13582056737589
"2083",2021-09-13,1.04359858156028
"2084",2021-09-14,1.27664326241135
"2085",2021-09-15,1.26474680851064
"2086",2021-09-16,1.23189219858156
"2087",2021-09-17,1.18977021276596
"2088",2021-09-18,1.13636028368794
"2089",2021-09-19,2.03171843971631
"2090",2021-09-20,1.55622269503546
"2091",2021-09-21,1.43107943262411
"2092",2021-09-22,1.39244680851064
"2093",2021-09-23,1.13189716312057
"2094",2021-09-24,1.14744964539007
"2095",2021-09-25,1.04369574468085
"2096",2021-09-26,1.19882624113475
"2097",2021-09-27,1.0698914893617
"2098",2021-09-28,1.17800425531915
"2099",2021-09-29,1.25375319148936
"2100",2021-09-30,1.98955319148936
"2101",2021-10-01,1.50375531914894
"2102",2021-10-02,1.49536666666667
"2103",2021-10-03,2.1539914893617
"2104",2021-10-04,2.47253971631206
"2105",2021-10-05,2.06960425531915
"2106",2021-10-06,2.09935460992908
"2107",2021-10-07,1.71019503546099
"2108",2021-10-08,1.7388170212766
"2109",2021-10-09,1.76260070921986
"2110",2021-10-10,1.34447730496454
"2111",2021-10-11,1.19967872340426
"2112",2021-10-12,1.44848865248227
"2113",2021-10-13,1.61351205673759
"2114",2021-10-14,1.20968510638298
"2115",2021-10-15,0.910097163120567
"2116",2021-10-16,1.14145957446809
"2117",2021-10-17,0.976787234042553
"2118",2021-10-18,1.00111560283688
"2119",2021-10-19,0.971756028368794
"2120",2021-10-20,1.12956737588652
"2121",2021-10-21,1.22218085106383
"2122",2021-10-22,1.0223865248227
"2123",2021-10-23,1.38084255319149
"2124",2021-10-24,1.5303865248227
"2125",2021-10-25,1.10363475177305
"2126",2021-10-26,1.05403546099291
"2127",2021-10-27,1.26910354609929
"2128",2021-10-28,1.15566453900709
"2129",2021-10-29,1.10252269503546
"2130",2021-10-30,1.12799432624113
"2131",2021-10-31,0.804536170212766
"2132",2021-11-01,1.63193262411348
"2133",2021-11-02,1.45936737588652
"2134",2021-11-03,2.43503758865248
"2135",2021-11-04,1.75769574468085
"2136",2021-11-05,1.36709078014184
"2137",2021-11-06,1.51942056737589
"2138",2021-11-07,1.1033609929078
"2139",2021-11-08,1.52010354609929
"2140",2021-11-09,1.41079716312057
"2141",2021-11-10,0.990394326241135
"2142",2021-11-11,1.09080283687943
"2143",2021-11-12,1.00383617021277
"2144",2021-11-13,1.03178794326241
"2145",2021-11-14,2.18090354609929
"2146",2021-11-15,2.12685673758865
"2147",2021-11-16,1.1914524822695
"2148",2021-11-17,0.994242553191489
"2149",2021-11-18,1.08189432624113
"2150",2021-11-19,1.03500709219858
"2151",2021-11-20,1.00250638297872
"2152",2021-11-21,1.12388014184397
"2153",2021-11-22,1.16433404255319
"2154",2021-11-23,1.56823546099291
"2155",2021-11-24,1.13632056737589
"2156",2021-11-25,1.2670475177305
"2157",2021-11-26,1.46061489361702
"2158",2021-11-27,1.26153404255319
"2159",2021-11-28,1.76440638297872
"2160",2021-11-29,2.31129503546099
"2161",2021-11-30,2.22673687943262
"2162",2021-12-01,1.2933085106383
"2163",2021-12-02,1.0463914893617
"2164",2021-12-03,1.48401134751773
"2165",2021-12-04,1.01270354609929
"2166",2021-12-05,1.22746595744681
"2167",2021-12-06,1.64002553191489
"2168",2021-12-07,1.3204475177305
"2169",2021-12-08,1.92462695035461
"2170",2021-12-09,1.56130567375887
"2171",2021-12-10,1.51388226950355
"2172",2021-12-11,2.00490567375887
"2173",2021-12-12,1.66051063829787
"2174",2021-12-13,1.20159574468085
"2175",2021-12-14,1.16520780141844
"2176",2021-12-15,1.04249361702128
"2177",2021-12-16,1.23073475177305
"2178",2021-12-17,1.45232765957447
"2179",2021-12-18,1.09301205673759
"2180",2021-12-19,1.7241170212766
"2181",2021-12-20,2.07645177304965
"2182",2021-12-21,1.0349085106383
"2183",2021-12-22,0.910449645390071
"2184",2021-12-23,1.12338865248227
"2185",2021-12-24,0.951496453900709
"2186",2021-12-25,0.85308085106383
"2187",2021-12-26,0.903480141843972
"2188",2021-12-27,0.856851063829787
"2189",2021-12-28,1.02614326241135
"2190",2021-12-29,1.34371773049645
"2191",2021-12-30,0.968358156028369
"2192",2021-12-31,1.29794113475177
